title,author,publisher,image_url,isbn,category
세이노의 가르침,세이노,데이원,https://image.aladin.co.kr/product/30929/51/cover500/k732831392_2.jpg,9791168473690,"['경제경영', '자기계발']"
제주탐묘생활,이신아,야옹서가,https://image.aladin.co.kr/product/30872/82/cover500/s412832889_1.jpg,9791191179163,"['건강/취미', '에세이']"
반지의 제왕 일러스트 특별판,존 로날드 로웰 톨킨,arte(아르테),https://image.aladin.co.kr/product/30818/49/cover500/s072831276_1.jpg,9788950922382,['소설/시/희곡']
스즈메의 문단속,신카이 마코토,대원씨아이(단행본),https://image.aladin.co.kr/product/30876/42/cover500/k892831289_1.jpg,9791169791977,['소설/시/희곡']
거인의 노트,김익한,다산북스,https://image.aladin.co.kr/product/31273/7/cover500/k542832564_1.jpg,9791130697529,['자기계발']
김미경의 마흔 수업,김미경,어웨이크북스,https://image.aladin.co.kr/product/30995/11/cover500/k672831500_2.jpg,9791198013026,['자기계발']
도쿄 리벤저스 30,와쿠이 켄,학산문화사(만화),https://image.aladin.co.kr/product/31311/33/cover500/k782832785_1.jpg,9791169478410,['만화']
"살 때, 팔 때, 벌 때",강영현,21세기북스,https://image.aladin.co.kr/product/31166/14/cover500/8950960664_1.jpg,9788950960667,['경제경영']
전지적 독자 시점 9,슬리피-C,에이템포미디어,https://image.aladin.co.kr/product/31288/34/cover500/k292832574_1.jpg,9791169630795,['만화']
파쇄,구병모,위즈덤하우스,https://image.aladin.co.kr/product/31273/29/cover500/k592832565_1.jpg,9791168127012,['소설/시/희곡']
사이토 히토리의 1퍼센트 부자의법칙,사이토 히토리,나비스쿨,https://image.aladin.co.kr/product/31035/98/cover500/k582831511_1.jpg,9791197389450,"['경제경영', '자기계발']"
내면소통,김주환,인플루엔셜(주),https://image.aladin.co.kr/product/31189/93/cover500/s512831358_1.jpg,9791168340855,['인문학']
고양이 해결사 깜냥 5,홍민정,창비,https://image.aladin.co.kr/product/31192/21/cover500/8936448374_1.jpg,9788936448370,['어린이']
슬램덩크 리소스-THE FIRST SLAM DUNK re:SOURCE,이노우에 타케히코,대원씨아이(만화),https://image.aladin.co.kr/product/30936/61/cover500/k022831493_3.jpg,9791169794930,['만화']
트러스트,에르난 디아스,문학동네,https://image.aladin.co.kr/product/31180/30/cover500/8954691676_1.jpg,9788954691673,['소설/시/희곡']
조셉 머피 잠재의식의 힘,조셉 머피,다산북스,https://image.aladin.co.kr/product/31132/90/cover500/k432831944_1.jpg,9791130642116,['자기계발']
이상한 과자 가게 전천당 17,히로시마 레이코,길벗스쿨,https://image.aladin.co.kr/product/31313/67/cover500/k722832881_1.jpg,9791164065097,['어린이']
K 배터리 레볼루션,박순혁,지와인,https://image.aladin.co.kr/product/30936/61/cover500/k012831493_3.jpg,9791191521221,['경제경영']
ETS 토익 정기시험 기출문제집 1000 Vol. 3 Reading (리딩),ETS (엮은이),(주)YBM(와이비엠),https://image.aladin.co.kr/product/28415/36/cover500/8917238548_2.jpg,9788917238549,['외국어']
해커스 토익 기출 보카 TOEIC VOCA 단어장,David Cho,해커스어학연구소(Hackers),https://image.aladin.co.kr/product/17602/13/cover500/s602636930_3.jpg,9788965422785,['외국어']
원씽 The One Thing (리커버 특별판),"게리 켈러, 제이 파파산",비즈니스북스,https://image.aladin.co.kr/product/12081/24/cover500/k592531249_1.jpg,9788997575169,['자기계발']
아버지의 해방일지,정지아,창비,https://image.aladin.co.kr/product/30048/51/cover500/8936438832_2.jpg,9788936438838,"['소설/시/희곡', '추천도서']"
설민석의 한국사 대모험 24,"설민석, 스토리박스",단꿈아이,https://image.aladin.co.kr/product/31196/25/cover500/k362831059_1.jpg,9791198179913,['어린이']
챗GPT,반병현,생능북스,https://image.aladin.co.kr/product/31016/62/cover500/k882831410_3.jpg,9791192932057,"['경제경영', '자기계발', '컴퓨터/모바일']"
조선 미술관,탁현규,블랙피쉬,https://image.aladin.co.kr/product/31132/76/cover500/896833417x_1.jpg,9788968334177,"['역사', '예술/대중문화']"
ETS 토익 정기시험 기출문제집 1000 Vol. 3 Listening (리스닝),ETS (엮은이),(주)YBM(와이비엠),https://image.aladin.co.kr/product/28415/31/cover500/891723853x_2.jpg,9788917238532,['외국어']
스즈메의 문단속 (스페셜 에디션),신카이 마코토,대원씨아이(단행본),https://image.aladin.co.kr/product/30876/44/cover500/k962831280_2.jpg,9791169791991,['소설/시/희곡']
"2023 큰별쌤 최태성의 별★별한국사 한국사능력검정시험 심화(1, 2, 3급) 상",최태성,이투스북,https://image.aladin.co.kr/product/30684/57/cover500/k042830232_1.jpg,9791138911726,['수험서/자격증']
서울대생의 비밀과외,소린TV(안소린),다산에듀,https://image.aladin.co.kr/product/31274/72/cover500/k502832660_1.jpg,9791130697550,['청소년']
세상은 실제로 어떻게 돌아가는가,바츨라프 스밀,김영사,https://image.aladin.co.kr/product/31192/81/cover500/893495096x_2.jpg,9788934950967,"['과학', '사회과학', '인문학']"
환상서점,소서림,해피북스투유,https://image.aladin.co.kr/product/31098/15/cover500/k152831533_1.jpg,9791164798926,['소설/시/희곡']
진짜 쓰는 실무 엑셀,오빠두(전진권),제이펍,https://image.aladin.co.kr/product/28819/83/cover500/k152836497_3.jpg,9791191600704,"['자기계발', '컴퓨터/모바일']"
슬램덩크 신장재편판 17,이노우에 타케히코,대원씨아이(만화),https://image.aladin.co.kr/product/17214/23/cover500/k532534992_1.jpg,9791133487677,['만화']
타코피의 원죄 상.하 한정판 세트 - 전2권,Taizan5,대원씨아이(만화),https://image.aladin.co.kr/product/31294/22/cover500/k042832674_1.jpg,9791169793223,['만화']
슬램덩크 신장재편판 19,이노우에 타케히코,대원씨아이(만화),https://image.aladin.co.kr/product/17214/24/cover500/k612534992_1.jpg,9791133487691,['만화']
불편한 편의점 (벚꽃 에디션),김호연,나무옆의자,https://image.aladin.co.kr/product/29045/74/cover500/s732830515_1.jpg,9791161571188,['소설/시/희곡']
고요한 우연,김수빈,문학동네,https://image.aladin.co.kr/product/31113/80/cover500/s002831046_1.jpg,9788954691154,"['청소년', '추천도서']"
만일 내가 인생을 다시 산다면 (10만 부 기념 스페셜 에디션),김혜남,메이븐,https://image.aladin.co.kr/product/30396/94/cover500/k392830163_3.jpg,9791190538510,"['인문학', '자기계발']"
슬램덩크 신장재편판 16,이노우에 타케히코,대원씨아이(만화),https://image.aladin.co.kr/product/17214/22/cover500/k522534992_1.jpg,9791133487660,['만화']
당신도 느리게 나이 들 수 있습니다,정희원,더퀘스트,https://image.aladin.co.kr/product/30720/48/cover500/k102830242_1.jpg,9791140702589,"['건강/취미', '인문학']"
슬램덩크 신장재편판 18,이노우에 타케히코,대원씨아이(만화),https://image.aladin.co.kr/product/17214/23/cover500/k672534992_1.jpg,9791133487684,['만화']
슬램덩크 그로부터 10일 후 (SLAM DUNK 10 DAYS AFTER),이노우에 타케히코 (그림),대원씨아이(만화),https://image.aladin.co.kr/product/100/84/cover500/8925218801_2.jpg,9788925218809,['만화']
슬램덩크 신장재편판 1,이노우에 타케히코,대원씨아이(만화),https://image.aladin.co.kr/product/16082/5/cover500/k092533843_1.jpg,9791133487516,['만화']
슬램덩크 신장재편판 20,이노우에 타케히코,대원씨아이(만화),https://image.aladin.co.kr/product/17214/25/cover500/k632534992_1.jpg,9791133487707,['만화']
"2023 큰별쌤 최태성의 별★별한국사 한국사능력검정시험 심화(1, 2, 3급) 하",최태성,이투스북,https://image.aladin.co.kr/product/30684/57/cover500/k002830232_1.jpg,9791138911733,['수험서/자격증']
슬램덩크 신장재편판 2,이노우에 타케히코,대원씨아이(만화),https://image.aladin.co.kr/product/16082/6/cover500/s072533847_1.jpg,9791133487523,['만화']
슬램덩크 신장재편판 6,이노우에 타케히코,대원씨아이(만화),https://image.aladin.co.kr/product/16082/13/cover500/k112533843_1.jpg,9791133487561,['만화']
역행자,자청,웅진지식하우스,https://image.aladin.co.kr/product/29521/63/cover500/s572830936_1.jpg,9788901260716,"['경제경영', '자기계발', '추천도서']"
슬램덩크 신장재편판 15,이노우에 타케히코,대원씨아이(만화),https://image.aladin.co.kr/product/17214/21/cover500/k592534992_1.jpg,9791133487653,['만화']
도쿄대 리벤저스 1,후나츠 신페이,학산문화사(만화),https://image.aladin.co.kr/product/31311/34/cover500/k712832785_1.jpg,9791169475617,['만화']
슬램덩크 신장재편판 11,이노우에 타케히코,대원씨아이(만화),https://image.aladin.co.kr/product/16956/65/cover500/k452534471_1.jpg,9791133487615,['만화']
잊혀진 계절 1,김도형,에이에스(도서출판),https://image.aladin.co.kr/product/28687/34/cover500/k062836369_1.jpg,9791197732706,['에세이']
슬램덩크 신장재편판 9,이노우에 타케히코,대원씨아이(만화),https://image.aladin.co.kr/product/16625/51/cover500/k342534269_1.jpg,9791133487592,['만화']
슬램덩크 신장재편판 10,이노우에 타케히코,대원씨아이(만화),https://image.aladin.co.kr/product/16625/52/cover500/k472534269_1.jpg,9791133487608,['만화']
슬램덩크 신장재편판 7,이노우에 타케히코,대원씨아이(만화),https://image.aladin.co.kr/product/16625/50/cover500/k382534269_1.jpg,9791133487578,['만화']
초수익 성장주 투자,마크 미너비니,이레미디어,https://image.aladin.co.kr/product/31192/40/cover500/k832831953_1.jpg,9791191328790,['경제경영']
슬램덩크 신장재편판 8,이노우에 타케히코,대원씨아이(만화),https://image.aladin.co.kr/product/16625/51/cover500/k322534269_1.jpg,9791133487585,['만화']
슬램덩크 신장재편판 13,이노우에 타케히코,대원씨아이(만화),https://image.aladin.co.kr/product/16956/66/cover500/k412534471_1.jpg,9791133487639,['만화']
슬램덩크 신장재편판 12,이노우에 타케히코,대원씨아이(만화),https://image.aladin.co.kr/product/16956/65/cover500/k402534471_1.jpg,9791133487622,['만화']
슬램덩크 신장재편판 14,이노우에 타케히코,대원씨아이(만화),https://image.aladin.co.kr/product/16956/67/cover500/k432534471_1.jpg,9791133487646,['만화']
수레바퀴 아래서 (오리지널 초판본 표지디자인),헤르만 헤세,코너스톤,https://image.aladin.co.kr/product/9870/83/cover500/k822535559_2.jpg,9791187011606,"['고전', '소설/시/희곡', '추천도서']"
슬램덩크 신장재편판 3,이노우에 타케히코,대원씨아이(만화),https://image.aladin.co.kr/product/16082/6/cover500/k032533843_1.jpg,9791133487530,['만화']
상처 주는 말 하는 친구에게 똑똑하게 말하는 법,김윤나,북라이프,https://image.aladin.co.kr/product/31132/94/cover500/k572831944_1.jpg,9791191013498,['어린이']
순례 주택 (10만부 돌파 기념 스페셜 봄 에디션),유은실,비룡소,https://image.aladin.co.kr/product/31247/42/cover500/8949123517_1.jpg,9788949123516,['청소년']
슬램덩크 신장재편판 4,이노우에 타케히코,대원씨아이(만화),https://image.aladin.co.kr/product/16082/7/cover500/k152533843_1.jpg,9791133487547,['만화']
불편한 편의점 2 (단풍 에디션),김호연,나무옆의자,https://image.aladin.co.kr/product/30370/64/cover500/k472839851_3.jpg,9791161571379,"['소설/시/희곡', '추천도서']"
슬램덩크 신장재편판 5,이노우에 타케히코,대원씨아이(만화),https://image.aladin.co.kr/product/16082/7/cover500/k172533843_1.jpg,9791133487554,['만화']
수학의 이해 (초판 2쇄),김웅용,영민,https://image.aladin.co.kr/product/30041/38/cover500/s502831422_1.jpg,9788963414126,"['과학', '대학교재/전문서적']"
슬램덩크 챔프,이노우에 타케히코,대원씨아이(만화),https://image.aladin.co.kr/product/30790/19/cover500/k482831469_1.jpg,9791169792974,['만화']
타로카드의 해석: 핍 카드 1~4 세트 - 전4권,임상훈,서로빛나는숲,https://image.aladin.co.kr/product/30883/63/cover500/899886617x_2.jpg,9788998866174,"['건강/취미', '종교/역학']"
방주,유키 하루오,블루홀식스(블루홀6),https://image.aladin.co.kr/product/31062/41/cover500/k672831528_1.jpg,9791189571894,['소설/시/희곡']
물고기는 존재하지 않는다,룰루 밀러,곰출판,https://image.aladin.co.kr/product/28465/73/cover500/k092835920_2.jpg,9791189327156,"['과학', '에세이', '추천도서']"
아몬드 (반양장),손원평,창비,https://image.aladin.co.kr/product/10636/66/cover500/8936456784_1.jpg,9788936456788,"['청소년', '추천도서']"
데미안 (오리지널 초판본 표지디자인),헤르만 헤세,코너스톤,https://image.aladin.co.kr/product/9871/8/cover500/k042535550_2.jpg,9791187011590,"['고전', '소설/시/희곡', '추천도서']"
건강과 다이어트를 동시에 잡는 7대 3의 법칙 채소·과일식,조승우,바이북스,https://image.aladin.co.kr/product/30258/37/cover500/k592839606_3.jpg,9791158773120,['요리/살림']
히카루가 죽은 여름 1,모쿠모쿠렌,디앤씨미디어(주)(D&C미디어),https://image.aladin.co.kr/product/31198/44/cover500/k242831055_1.jpg,9791127867799,['만화']
잊혀진 계절 2,김도형,에이에스(도서출판),https://image.aladin.co.kr/product/28687/43/cover500/k012836369_1.jpg,9791197732713,['에세이']
"스즈메의 문단속 (양장, 스페셜 에디션)",신카이 마코토,하빌리스,https://image.aladin.co.kr/product/31239/61/cover500/k262832069_1.jpg,9791169797863,['소설/시/희곡']
2023 써니 행정법총론 실전동형 모의고사 (기출지문 암기 App과 문제풀이 학습 App 이용쿠폰 제공) - 전2권,박준철,지금(도서출판),https://image.aladin.co.kr/product/31250/91/cover500/k162832361_1.jpg,9791160183573,['수험서/자격증']
가끔씩 툭하고 러시아어로 부끄러워하는 옆자리의 아랴 양 4 (특별판),SUN SUN SUN,디앤씨미디어(주)(D&C미디어),https://image.aladin.co.kr/product/31294/19/cover500/k762832673_1.jpg,9791127867843,['소설/시/희곡']
작가는 어떻게 읽는가,조지 손더스,어크로스,https://image.aladin.co.kr/product/28582/75/cover500/k482831619_1.jpg,9791167740892,"['소설/시/희곡', '인문학']"
2023 이유진 국어 필사즉생 모의고사 백일기도 3 : 독해강화,이유진,고시동네,https://image.aladin.co.kr/product/31215/58/cover500/k432831159_1.jpg,9791168181311,['수험서/자격증']
세계 방방곡곡 여행 일기,마스다 미리,북포레스트,https://image.aladin.co.kr/product/31281/58/cover500/k432832473_1.jpg,9791192025124,"['에세이', '여행']"
흔한남매 이상한 나라의 고전 읽기 3,"최재훈 (글), 정주연 (그림), 흔한남매, 흔한컴퍼니 (감수)",미래엔아이세움,https://image.aladin.co.kr/product/31222/3/cover500/k112831250_1.jpg,9791168415034,['어린이']
지적 대화를 위한 넓고 얕은 지식 1,채사장,웨일북,https://image.aladin.co.kr/product/22872/79/cover500/k992636841_2.jpg,9791190313186,['인문학']
구의 증명,최진영,은행나무,https://image.aladin.co.kr/product/5527/50/cover500/8956608555_1.jpg,9788956608556,"['소설/시/희곡', '추천도서']"
스즈메의 문단속 (양장),신카이 마코토,하빌리스,https://image.aladin.co.kr/product/31239/61/cover500/k112832069_1.jpg,9791169792035,['소설/시/희곡']
2023 선재국어 실전 봉투 모의고사 1,이선재,에스티유니타스,https://image.aladin.co.kr/product/31134/86/cover500/k522831946_1.jpg,9791169660129,['수험서/자격증']
회사는 엑셀을 가르쳐주지 않아요,쏘피(박성희),메가스터디북스,https://image.aladin.co.kr/product/30154/39/cover500/k212839588_1.jpg,9791129708328,"['자기계발', '컴퓨터/모바일']"
2023 수제비 정보처리기사 실기 1권+2권 합본세트 - 전2권,NCS 정보처리기술사 연구회,건기원,https://image.aladin.co.kr/product/31001/63/cover500/k352831219_2.jpg,9791157677238,['컴퓨터/모바일']
남편을 내 편으로 만드는 방법 1 (한정판),시루,캐롯툰,https://image.aladin.co.kr/product/31268/55/cover500/k992832465_1.jpg,9791140452408,['만화']
한국형 가치투자,"최준철, 김민국",이콘,https://image.aladin.co.kr/product/31266/43/cover500/k492832468_2.jpg,9791189318413,['경제경영']
이토록 평범한 미래,김연수,문학동네,https://image.aladin.co.kr/product/30211/80/cover500/8954680003_1.jpg,9788954680004,['소설/시/희곡']
해커스 토익 RC 리딩 READING 토익 기본서 2023 최신개정판,David Cho,해커스어학연구소(Hackers),https://image.aladin.co.kr/product/30640/30/cover500/8965424763_1.jpg,9788965424765,['외국어']
설민석의 삼국지 대모험 11,단꿈아이,단꿈아이,https://image.aladin.co.kr/product/31246/72/cover500/k382832167_1.jpg,9791191496666,['어린이']
2023 산업안전기사 실기[필답형+작업형] + 무료동영상,최윤정,구민사,https://image.aladin.co.kr/product/31050/19/cover500/k512831323_1.jpg,9791168751897,['수험서/자격증']
주식 시세의 비밀,정재호,프런트페이지,https://image.aladin.co.kr/product/31060/25/cover500/k162831528_1.jpg,9791197871269,['경제경영']
브라질에 비가 내리면 스타벅스 주식을 사라,피터 나바로,에프엔미디어,https://image.aladin.co.kr/product/29298/59/cover500/k342837406_1.jpg,9791188754588,['경제경영']
세상 끝의 카페,존 스트레레키,클레이하우스,https://image.aladin.co.kr/product/31186/54/cover500/k172831854_1.jpg,9791198173812,['자기계발']
2023 이동기 영어 국가직 대비 적중모의고사,이동기,에스티유니타스,https://image.aladin.co.kr/product/31149/66/cover500/k202831045_1.jpg,9791165769796,['수험서/자격증']
효기심의 권력으로 읽는 세계사 : 유럽 편,효기심,다산초당(다산북스),https://image.aladin.co.kr/product/31190/69/cover500/k032831950_1.jpg,9791130642147,['역사']
긴긴밤,루리,문학동네,https://image.aladin.co.kr/product/26302/71/cover500/8954677150_1.jpg,9788954677158,"['어린이', '추천도서']"
"오늘 밤, 세계에서 이 사랑이 사라진다 해도",이치조 미사키,모모,https://image.aladin.co.kr/product/27407/79/cover500/k362732558_2.jpg,9791191043297,['소설/시/희곡']
"돈의 속성 (200쇄 리커버 에디션, 양장)",김승호,스노우폭스북스,https://image.aladin.co.kr/product/28884/59/cover500/k962836509_3.jpg,9791188331796,['경제경영']
이기적 유전자,리처드 도킨스,을유문화사,https://image.aladin.co.kr/product/17048/25/cover500/8932473900_1.jpg,9788932473901,"['과학', '대학교재/전문서적']"
조국의 법고전 산책,조국,오마이북,https://image.aladin.co.kr/product/30455/59/cover500/8997780514_2.jpg,9788997780518,['인문학']
2023 큰별쌤 최태성의 별★별한국사 기출 500제 한국사능력검정시험 심화 (1.2.3급),최태성,이투스북,https://image.aladin.co.kr/product/30884/42/cover500/k972831381_1.jpg,9791138911832,['수험서/자격증']
미스터 프레지던트,탁현민,메디치미디어,https://image.aladin.co.kr/product/30843/97/cover500/k142831470_2.jpg,9791157062805,['사회과학']
쉽게 풀어쓴 C언어 Express,천인국,생능,https://image.aladin.co.kr/product/30841/63/cover500/8970506675_1.jpg,9788970506678,"['대학교재/전문서적', '컴퓨터/모바일']"
어느 미래에 당신이 없을 것이라고,목정원,아침달,https://image.aladin.co.kr/product/31285/18/cover500/k112832572_2.jpg,9791189467821,"['에세이', '예술/대중문화']"
데일 카네기 인간관계론,데일 카네기,현대지성,https://image.aladin.co.kr/product/20945/79/cover500/s952638241_2.jpg,9791187142560,['자기계발']
권력과 안보,부승찬,해요미디어,https://image.aladin.co.kr/product/31002/38/cover500/k832831211_1.jpg,9791196864064,['사회과학']
부자 아빠 가난한 아빠 1 (20주년 특별 기념판),로버트 기요사키,민음인,https://image.aladin.co.kr/product/13492/56/cover500/k162532501_2.jpg,9791158883591,['경제경영']
무조건 합격하는 암기의 기술,이윤규,더퀘스트,https://image.aladin.co.kr/product/30818/89/cover500/k382831664_1.jpg,9791140702725,['자기계발']
ETS 토익기출 파트별 VOCA 보카,ETS,(주)YBM(와이비엠),https://image.aladin.co.kr/product/30746/36/cover500/8917237487_1.jpg,9788917237481,['외국어']
키위엔 영어회화 하루 5분의 기적,박강준,키위엔,https://image.aladin.co.kr/product/30539/13/cover500/s282831632_1.jpg,9791198002907,['외국어']
맨큐의 경제학,그레고리 맨큐,Cengage Learning,https://image.aladin.co.kr/product/26238/59/cover500/8962185024_1.jpg,9788962185027,['대학교재/전문서적']
"하루 한 장, 인생 그림",이소영,알에이치코리아(RHK),https://image.aladin.co.kr/product/31088/89/cover500/8925576996_1.jpg,9788925576992,['예술/대중문화']
타이탄의 도구들 (블랙 에디션),팀 페리스,토네이도,https://image.aladin.co.kr/product/29714/21/cover500/k232838895_1.jpg,9791158510619,['자기계발']
스즈키 바이올린 교본 1,세광음악 편집부 (엮은이),세광음악출판사,https://image.aladin.co.kr/product/8/58/cover500/8903411110_1.jpg,9788903411116,['예술/대중문화']
마케팅 설계자,러셀 브런슨,윌북,https://image.aladin.co.kr/product/30707/77/cover500/k572830145_1.jpg,9791155815656,"['경제경영', '컴퓨터/모바일']"
마법천자문 57,유대영,아울북,https://image.aladin.co.kr/product/31189/96/cover500/8950970902_1.jpg,9788950970901,['어린이']
5천만 원으로 시작하는 미라클 기적의 재개발 재건축,진와이스(장미진),리더스북,https://image.aladin.co.kr/product/31062/93/cover500/8901268884_1.jpg,9788901268880,['경제경영']
사피엔스 (양장 특별판),유발 하라리,김영사,https://image.aladin.co.kr/product/30863/24/cover500/8934943238_1.jpg,9788934943235,"['사회과학', '역사', '인문학']"
당신은 생각보다 강하다,전미경,웅진지식하우스,https://image.aladin.co.kr/product/31132/48/cover500/8901269236_1.jpg,9788901269238,"['인문학', '자기계발']"
참을 수 없는 존재의 가벼움,밀란 쿤데라,민음사,https://image.aladin.co.kr/product/15251/16/cover500/8937437562_1.jpg,9788937437564,['소설/시/희곡']
정세현의 통찰,정세현,푸른숲,https://image.aladin.co.kr/product/31000/95/cover500/k392831114_1.jpg,9791156754039,['사회과학']
초판본 동물 농장,조지 오웰,더스토리,https://image.aladin.co.kr/product/24943/31/cover500/k362632692_1.jpg,9791164453122,"['고전', '소설/시/희곡']"
읽으면서 바로 써먹는 어린이 맞춤법 행성,한날,파란정원,https://image.aladin.co.kr/product/31155/7/cover500/k882831149_1.jpg,9791158682538,['어린이']
보도 섀퍼 부의 레버리지,보도 섀퍼,비즈니스북스,https://image.aladin.co.kr/product/30986/76/cover500/k062831409_1.jpg,9791162543269,"['경제경영', '자기계발']"
나는 인생을 건 공부를 시작했다,이한나(츄발라),토네이도,https://image.aladin.co.kr/product/31062/41/cover500/k662831528_1.jpg,9791158512576,['자기계발']
소설 보다 : 봄 2023,"강보라, 김나현, 예소연",문학과지성사,https://image.aladin.co.kr/product/31298/29/cover500/8932041334_1.jpg,9788932041339,['소설/시/희곡']
열세 살 우리는,문경민,우리학교,https://image.aladin.co.kr/product/31090/81/cover500/k972831836_1.jpg,9791167550903,['어린이']
"사쿠라, 사쿠. 6",사키사카 이오,서울미디어코믹스(서울문화사),https://image.aladin.co.kr/product/31315/9/cover500/k892832884_1.jpg,9791136764492,['만화']
DO IT 두잇,데이비드 차,아크,https://image.aladin.co.kr/product/31101/43/cover500/k082831633_2.jpg,9791197015298,['종교/역학']
고양이 해결사 깜냥 1,홍민정,창비,https://image.aladin.co.kr/product/23651/80/cover500/8936447696_1.jpg,9788936447694,"['어린이', '추천도서']"
N,미치오 슈스케,북스피어,https://image.aladin.co.kr/product/31090/58/cover500/k112831835_2.jpg,9791192313177,['소설/시/희곡']
생에 감사해,김혜자,수오서재,https://image.aladin.co.kr/product/30657/87/cover500/k572830939_1.jpg,9791190382915,['에세이']
코스모스,칼 세이건,사이언스북스,https://image.aladin.co.kr/product/87/9/cover500/s922637499_3.jpg,9788983711892,"['과학', '청소년', '추천도서']"
오버로드 16 (일러스트 카드집 부속 특별판),마루야마 쿠가네,영상출판미디어(주),https://image.aladin.co.kr/product/31160/68/cover500/k742831142_1.jpg,9791138024389,['소설/시/희곡']
해커스 토익 LC 리스닝 LISTENING 2023 최신개정판,David Cho,해커스어학연구소(Hackers),https://image.aladin.co.kr/product/30640/55/cover500/8965424771_1.jpg,9788965424772,['외국어']
2023 문동균 한국사 D-30 문단속 모의고사,문동균,에스티유니타스,https://image.aladin.co.kr/product/31114/89/cover500/k442831845_1.jpg,9791169660150,['수험서/자격증']
신기한 맛 도깨비 식당 4,"김용세, 김병섭",꿈터,https://image.aladin.co.kr/product/31281/45/cover500/k392832472_1.jpg,9791167390837,['어린이']
원피스 104,오다 에이치로,대원씨아이(만화),https://image.aladin.co.kr/product/30933/57/cover500/k342831397_1.jpg,9791169791526,['만화']
현대 심리치료와 상담 이론,권석만,학지사,https://image.aladin.co.kr/product/1909/0/cover500/8963309266_1.jpg,9788963309262,"['대학교재/전문서적', '인문학', '추천도서']"
아몬드 (양장),손원평,창비,https://image.aladin.co.kr/product/10565/12/cover500/8936434268_1.jpg,9788936434267,"['소설/시/희곡', '추천도서']"
ETS 토익 단기 공략 750+ (LC + RC),ETS,(주)YBM(와이비엠),https://image.aladin.co.kr/product/24919/64/cover500/8917235948_1.jpg,9788917235944,['외국어']
해커스 토익 스타트 리딩 RC,David Cho,해커스어학연구소(Hackers),https://image.aladin.co.kr/product/22236/30/cover500/8965423376_2.jpg,9788965423379,['외국어']
당신은 결국 무엇이든 해내는 사람 (10만 부 기념 특별 리커버 에디션),김상현,필름(Feelm),https://image.aladin.co.kr/product/31100/55/cover500/k492831631_1.jpg,9791188469994,['에세이']
마흔에 읽는 니체 (10만 부 양장 리커버 에디션),장재형,유노북스,https://image.aladin.co.kr/product/31141/56/cover500/k572831042_1.jpg,9791192300245,['인문학']
"오늘 밤, 세계에서 이 눈물이 사라진다 해도",이치조 미사키,모모,https://image.aladin.co.kr/product/29837/59/cover500/k472838820_1.jpg,9791191043976,['소설/시/희곡']
초거대 위협,누리엘 루비니,한국경제신문,https://image.aladin.co.kr/product/31058/63/cover500/8947548774_1.jpg,9788947548779,['경제경영']
2023 해커스 GSAT 삼성직무적성검사 통합 기본서 최신기출유형+실전모의고사 (수리논리/추리),해커스 취업교육연구소,챔프스터디,https://image.aladin.co.kr/product/30661/21/cover500/8969653317_1.jpg,9788969653314,['수험서/자격증']
메리골드 마음 세탁소,윤정은,북로망스,https://image.aladin.co.kr/product/31222/5/cover500/k562831250_2.jpg,9791191891287,['소설/시/희곡']
인생의 역사,신형철,난다,https://image.aladin.co.kr/product/30328/61/cover500/k362839230_1.jpg,9791191859379,"['소설/시/희곡', '에세이']"
최애의 아이 9,아카사카 아카,대원씨아이(만화),https://image.aladin.co.kr/product/31196/82/cover500/k962831052_1.jpg,9791169793292,['만화']
2023 시나공 정보처리기사 실기,"길벗 R&D, 강윤석, 김용갑, 김우경, 김유홍, 김정준",길벗,https://image.aladin.co.kr/product/31043/21/cover500/k392831615_1.jpg,9791140703074,"['수험서/자격증', '컴퓨터/모바일']"
"마흔, 다시 만날 것처럼 헤어져라",조우성,서삼독,https://image.aladin.co.kr/product/31148/23/cover500/k622831043_1.jpg,9791165347017,['자기계발']
인스타 브레인,안데르스 한센,동양북스(동양문고),https://image.aladin.co.kr/product/23973/11/cover500/k422639014_2.jpg,9791157686179,['인문학']
박문호 박사의 빅히스토리 공부,박문호,김영사,https://image.aladin.co.kr/product/29713/23/cover500/8934961783_1.jpg,9788934961789,['과학']
GPT 제너레이션 : 챗GPT가 바꿀 우리 인류의 미래,이시한,북모먼트,https://image.aladin.co.kr/product/31081/33/cover500/k062831622_1.jpg,9791191891270,['경제경영']
삶은 문제해결의 연속이다,칼 포퍼,포레스트북스,https://image.aladin.co.kr/product/31133/1/cover500/k622831944_1.jpg,9791192625263,['인문학']
설민석의 세계사 대모험 16,"설민석, 김정욱",단꿈아이,https://image.aladin.co.kr/product/31316/83/cover500/k582832886_1.jpg,9791198179999,['어린이']
날씨와 얼굴,이슬아,위고,https://image.aladin.co.kr/product/31132/21/cover500/k082831941_2.jpg,9791186602935,['에세이']
나도 상처 받지 않고 친구도 상처 받지 않는 말하기 연습,강승임,위즈덤하우스,https://image.aladin.co.kr/product/31190/49/cover500/k332831959_1.jpg,9791168125933,['어린이']
좌파의 길,낸시 프레이저,서해문집,https://image.aladin.co.kr/product/30992/36/cover500/k012831406_1.jpg,9791192085913,"['사회과학', '역사', '인문학']"
그들의 생각을 바꾸는 방법,데이비드 맥레이니,웅진지식하우스,https://image.aladin.co.kr/product/31196/89/cover500/8901269406_1.jpg,9788901269405,['인문학']
레버리지 (20만 부 기념 블랙에디션),롭 무어,다산북스,https://image.aladin.co.kr/product/31064/69/cover500/k842831525_2.jpg,9791130697246,['자기계발']
역사의 쓸모,최태성,다산초당(다산북스),https://image.aladin.co.kr/product/19433/93/cover500/k152635416_2.jpg,9791130621968,['인문학']
거의 모든 일상 표현의 영어,"케빈 강, 해나 변",사람in,https://image.aladin.co.kr/product/30388/54/cover500/8960499757_1.jpg,9788960499751,['외국어']
작별들 순간들,배수아,문학동네,https://image.aladin.co.kr/product/30992/25/cover500/8954690564_1.jpg,9788954690560,['에세이']
너와 나 17,홋타 키이치,학산문화사(만화),https://image.aladin.co.kr/product/31311/37/cover500/k922832786_1.jpg,9791169472340,['만화']
세컨드 브레인,티아고 포르테,쌤앤파커스,https://image.aladin.co.kr/product/31222/21/cover500/k702831251_1.jpg,9791165347048,['자기계발']
세상의 마지막 기차역 (리커버 에디션),무라세 다케시,모모,https://image.aladin.co.kr/product/31196/62/cover500/k272831051_1.jpg,9791191043754,['소설/시/희곡']
지적 대화를 위한 넓고 얕은 지식 2,채사장,웨일북,https://image.aladin.co.kr/product/22872/85/cover500/k912636841_1.jpg,9791190313193,['인문학']
수학은 암기다,김현정,한국경제신문,https://image.aladin.co.kr/product/31059/12/cover500/8947548529_1.jpg,9788947548526,"['좋은부모', '청소년']"
너와 나 16,홋타 키이치,학산문화사(만화),https://image.aladin.co.kr/product/31311/36/cover500/k962832786_1.jpg,9791169472333,['만화']
2024 해커스임용 김진구 전문상담 기본개념 2,김진구,해커스패스,https://image.aladin.co.kr/product/31268/11/cover500/k732832462_1.jpg,9791168806313,['수험서/자격증']
홈 스위트 홈,"최진영, 김기태, 박서련, 서성란, 이장욱, 최은미",문학사상,https://image.aladin.co.kr/product/31050/51/cover500/8970125647_2.jpg,9788970125640,"['소설/시/희곡', '추천도서']"
영어 회화 핵심패턴 233,백선엽,길벗이지톡,https://image.aladin.co.kr/product/30764/91/cover500/k242830553_1.jpg,9791140702503,['외국어']
인간 실격,다자이 오사무,민음사,https://image.aladin.co.kr/product/49/16/cover500/893746103x_3.jpg,9788937461033,['소설/시/희곡']
이은경쌤의 초등어휘일력 365 (스프링),이은경,포레스트북스,https://image.aladin.co.kr/product/30329/10/cover500/k162839232_1.jpg,9791192625300,['좋은부모']
지적 대화를 위한 넓고 얕은 지식 : 제로 편,채사장,웨일북,https://image.aladin.co.kr/product/21984/15/cover500/k622636607_3.jpg,9791190313131,"['인문학', '추천도서']"
그 비스크 돌은 사랑을 한다 10 (초판한정 아크릴 디오라마 + PET 스탠딩 북마크 + 일러스트 카드 포함 한정판),후쿠다 신이치,㈜소미미디어,https://image.aladin.co.kr/product/31184/69/cover500/k492831851_1.jpg,9791138436045,['만화']
브레인 리부트,크리스틴 윌르마이어,부키,https://image.aladin.co.kr/product/31080/78/cover500/8960519677_1.jpg,9788960519671,['건강/취미']
하얼빈,김훈,문학동네,https://image.aladin.co.kr/product/29857/0/cover500/895469991x_3.jpg,9788954699914,"['소설/시/희곡', '추천도서']"
오백 년째 열다섯 2,김혜정,위즈덤하우스,https://image.aladin.co.kr/product/31132/36/cover500/k902831942_1.jpg,9791168125803,['청소년']
비판적 사고와 토론,"배식한, 석기용",태학사,https://image.aladin.co.kr/product/31239/26/cover500/k502832967_1.jpg,9791168101401,"['대학교재/전문서적', '인문학']"
SQL 자격검정 실전문제,한국데이터산업진흥원,한국데이터산업진흥원,https://image.aladin.co.kr/product/9761/28/cover500/8988474848_1.jpg,9788988474846,"['수험서/자격증', '컴퓨터/모바일']"
멋진 신세계,올더스 헉슬리,(주)태일소담출판사,https://image.aladin.co.kr/product/6083/61/cover500/8973814729_2.jpg,9788973814725,"['고전', '소설/시/희곡']"
2023 심우철 실전 동형 모의고사 Season 2,심우철,심슨북스,https://image.aladin.co.kr/product/31084/91/cover500/k712831736_1.jpg,9791162051658,['수험서/자격증']
효창동 우스블랑 : 백곰’s bread note,김영수,더테이블,https://image.aladin.co.kr/product/31311/17/cover500/k182832784_1.jpg,9791197988752,['요리/살림']
트렌드 코리아 2023,"김난도, 전미영, 최지혜, 이수진, 권정윤, 이준영, 이향은, 한다혜, 이혜원, 추예린",미래의창,https://image.aladin.co.kr/product/30169/22/cover500/8959897094_3.jpg,9788959897094,['경제경영']
회복탄력성 (15만부 기념 리커버),김주환,위즈덤하우스,https://image.aladin.co.kr/product/18754/45/cover500/k522635176_2.jpg,9791189938772,['자기계발']
그 많은 개념어는 누가 만들었을까,야마모토 다카미쓰,메멘토,https://image.aladin.co.kr/product/31239/94/cover500/k802832060_1.jpg,9791192099217,"['대학교재/전문서적', '인문학']"
어른이 되기 전에 꼭 한 번은 논어를 읽어라 2,판덩,미디어숲,https://image.aladin.co.kr/product/31217/74/cover500/k752831155_1.jpg,9791158741853,['청소년']
귀엽기만 한 게 아닌 시키모리 양 16,마키 케이고,서울미디어코믹스(서울문화사),https://image.aladin.co.kr/product/31288/35/cover500/k242832574_1.jpg,9791136764973,['만화']
시간이 있었으면 좋겠다,김신지,잠비,https://image.aladin.co.kr/product/30842/55/cover500/k622831377_1.jpg,9791198068408,['에세이']
ETS 토익 정기시험 기출입문서 RC 리딩,ETS,와이비엠,https://image.aladin.co.kr/product/28415/29/cover500/8917238599_1.jpg,9788917238594,['외국어']
챗GPT에게 묻는 인류의 미래,"김대식, 챗GPT",동아시아,https://image.aladin.co.kr/product/31105/45/cover500/8962624842_3.jpg,9788962624847,"['경제경영', '과학']"
열방약국 말기암 통합요법 상담소,김훈하,리더북스,https://image.aladin.co.kr/product/30906/42/cover500/k152831485_1.jpg,9791190616881,['건강/취미']
서평가의 독서법,미치코 가쿠타니,돌베개,https://image.aladin.co.kr/product/31251/66/cover500/k622832362_1.jpg,9791192836003,"['에세이', '인문학']"
회색 인간,김동식,요다,https://image.aladin.co.kr/product/12760/80/cover500/k882532678_1.jpg,9791196222628,"['소설/시/희곡', '추천도서']"
이준석의 거부할 수 없는 미래,이준석,21세기북스,https://image.aladin.co.kr/product/31042/37/cover500/895095379x_3.jpg,9788950953799,['사회과학']
그릿 GRIT (골드 에디션),앤절라 더크워스,비즈니스북스,https://image.aladin.co.kr/product/30657/56/cover500/k272830938_1.jpg,9791162540633,['자기계발']
데일 카네기 자기관리론,데일 카네기,현대지성,https://image.aladin.co.kr/product/26057/28/cover500/k432737052_1.jpg,9791191280333,['자기계발']
세계를 건너 너에게 갈게,이꽃님,문학동네,https://image.aladin.co.kr/product/13366/86/cover500/895465021x_1.jpg,9788954650212,"['청소년', '추천도서']"
해커스 일본어 첫걸음 : 기초 20일 독학 완성!,해커스JLPT연구소,해커스어학연구소(Hackers),https://image.aladin.co.kr/product/27470/88/cover500/8965424216_1.jpg,9788965424215,['외국어']
일본어 무작정 따라하기 완전판,후지이 아사리,길벗이지톡,https://image.aladin.co.kr/product/29877/32/cover500/k712838735_1.jpg,9791165219956,['외국어']
봇치·더·록! 4,하마지 아키,대원씨아이(만화),https://image.aladin.co.kr/product/30933/58/cover500/k412831397_1.jpg,9791169791854,['만화']
모든 꽃이 봄에 피지는 않는다,이다지,서삼독,https://image.aladin.co.kr/product/30955/63/cover500/k752831002_1.jpg,9791165346751,['자기계발']
돈의 심리학,모건 하우절,인플루엔셜(주),https://image.aladin.co.kr/product/29565/95/cover500/k052837359_1.jpg,9791191056372,['경제경영']
희망의 끈,히가시노 게이고,재인,https://image.aladin.co.kr/product/30912/33/cover500/k612831580_2.jpg,9791192483146,['소설/시/희곡']
메이드 인 어비스 11,츠쿠시 아키히토,미우(대원씨아이),https://image.aladin.co.kr/product/31246/99/cover500/k292832260_1.jpg,9791169793537,['만화']
정년이 6,서이레,문학동네,https://image.aladin.co.kr/product/31281/47/cover500/8954691668_1.jpg,9788954691666,['만화']
내가 틀릴 수도 있습니다 (리커버),비욘 나티코 린데블라드,다산초당(다산북스),https://image.aladin.co.kr/product/30534/22/cover500/k152830593_1.jpg,9791130689890,['인문학']
네 기분은 어떤 색깔이니?,최숙희,책읽는곰,https://image.aladin.co.kr/product/30866/85/cover500/k882831576_1.jpg,9791158363925,['유아']
해커스 토익 실전 1000제 1 RC Reading 문제집 (리딩),해커스어학연구소,해커스어학연구소(Hackers),https://image.aladin.co.kr/product/30666/67/cover500/8965425050_1.jpg,9788965425052,['외국어']
C언어로 쉽게 풀어쓴 자료구조,"천인국, 공용해, 하상호",생능,https://image.aladin.co.kr/product/18386/82/cover500/8970509712_1.jpg,9788970509716,"['대학교재/전문서적', '컴퓨터/모바일']"
부의 추월차선 (10주년 스페셜 에디션),엠제이 드마코,토트,https://image.aladin.co.kr/product/28723/81/cover500/k352836574_2.jpg,9791187444725,['경제경영']
죽이고 싶은 아이,이꽃님,우리학교,https://image.aladin.co.kr/product/27211/83/cover500/k422732197_2.jpg,9791190337755,"['청소년', '추천도서']"
손뜨개꽃길의 사계절 코바늘 플라워,박경조,한즈미디어(한스미디어),https://image.aladin.co.kr/product/31184/89/cover500/k732831851_1.jpg,9791160078992,"['건강/취미', '요리/살림']"
생기부 필독서 100,"주경아, 정재화, 방희조, 이재환, 이현규",센시오,https://image.aladin.co.kr/product/31250/68/cover500/k702832360_1.jpg,9791166570957,"['좋은부모', '청소년']"
데미안,헤르만 헤세,민음사,https://image.aladin.co.kr/product/26/0/cover500/s742633278_1.jpg,9788937460449,"['고전', '소설/시/희곡', '추천도서']"
파친코 2,이민진,인플루엔셜(주),https://image.aladin.co.kr/product/29496/41/cover500/k192838537_1.jpg,9791168340541,['소설/시/희곡']
1984,조지 오웰,민음사,https://image.aladin.co.kr/product/41/89/cover500/s122531356_1.jpg,9788937460777,"['고전', '소설/시/희곡', '추천도서']"
스카이 버스,분당강쌤,다산에듀,https://image.aladin.co.kr/product/30812/54/cover500/k242831564_2.jpg,9791130696393,['좋은부모']
가재가 노래하는 곳 (리커버 에디션),델리아 오언스,살림,https://image.aladin.co.kr/product/30383/10/cover500/k322830863_1.jpg,9788952240569,['소설/시/희곡']
ETS 토익 단기 공략 550+ LC + RC,ETS,(주)YBM(와이비엠),https://image.aladin.co.kr/product/24249/41/cover500/8917235921_2.jpg,9788917235920,['외국어']
노잉,안도 미후유,오월구일,https://image.aladin.co.kr/product/31049/3/cover500/k902831329_2.jpg,9791191560305,['자기계발']
천하제일 치킨쇼,이희정,비룡소,https://image.aladin.co.kr/product/30828/56/cover500/8949121999_1.jpg,9788949121994,"['어린이', '추천도서']"
해커스 토익 실전 1000제 1 LC Listening 문제집 (리스닝),해커스어학연구소,해커스어학연구소(Hackers),https://image.aladin.co.kr/product/30666/62/cover500/8965425077_1.jpg,9788965425076,['외국어']
슬램덩크 완전판 프리미엄 박스판 21~24권 세트 - 전4권,이노우에 타케히코,대원씨아이(만화),https://image.aladin.co.kr/product/30790/16/cover500/k332831469_1.jpg,9791169448178,['만화']
단다단 6,타츠 유키노부,대원씨아이(만화),https://image.aladin.co.kr/product/31246/96/cover500/k642832269_1.jpg,9791169793100,['만화']
당연하게도 나는 너를,이꽃님,우리학교,https://image.aladin.co.kr/product/31269/43/cover500/k872832466_1.jpg,9791167550972,['청소년']
모든 것은 기본에서 시작한다,손웅정,수오서재,https://image.aladin.co.kr/product/28089/84/cover500/k082734846_1.jpg,9791190382502,['에세이']
체리새우 : 비밀글입니다 (30만 부 리커버 특별판),황영미,문학동네,https://image.aladin.co.kr/product/30620/71/cover500/k452830821_1.jpg,9788954654753,"['청소년', '추천도서']"
ETS 토익 단기 공략 650+ (LC + RC),ETS,(주)YBM(와이비엠),https://image.aladin.co.kr/product/24699/56/cover500/891723593x_2.jpg,9788917235937,['외국어']
창조적 사고와 글쓰기,"박민영, 김명석, 김나영",태학사,https://image.aladin.co.kr/product/31239/27/cover500/k662832967_1.jpg,9791168101425,"['대학교재/전문서적', '인문학']"
파친코 1,이민진,인플루엔셜(주),https://image.aladin.co.kr/product/29496/39/cover500/k202838509_3.jpg,9791168340510,"['소설/시/희곡', '추천도서']"
해커스 보카 (Hackers Vocabulary),David Cho,해커스어학연구소(Hackers),https://image.aladin.co.kr/product/6111/73/cover500/s442731548_1.jpg,9788965421030,"['수험서/자격증', '외국어']"
백년 허리 2 : 치료편,정선근,언탱글링,https://image.aladin.co.kr/product/27124/76/cover500/k272731146_1.jpg,9791197437311,['건강/취미']
2023 수제비 정보처리기사 필기 1권+2권 합본세트 - 전2권,NCS 정보처리기술사 연구회,건기원,https://image.aladin.co.kr/product/30516/21/cover500/k052830499_1.jpg,9791157677030,"['수험서/자격증', '컴퓨터/모바일']"
신들은 죽임당하지 않을 것이다,켄 리우,황금가지,https://image.aladin.co.kr/product/31152/85/cover500/k552831148_1.jpg,9791158887179,['소설/시/희곡']
최재천의 동물대탐험 2 : 나무늘보의 노래,"황혜영 (글), 박현미 (그림), 최재천 (기획), 안선영 (해설)",다산어린이,https://image.aladin.co.kr/product/31249/33/cover500/k902832368_1.jpg,9791130697536,['어린이']
초등 사회 진짜 문해력 5-1,"배성호, 곽혜송, 신봉석, 이우철",창비교육,https://image.aladin.co.kr/product/31091/27/cover500/k872831836_1.jpg,9791165701888,['어린이']
악인론,손수현,다산북스,https://image.aladin.co.kr/product/31105/6/cover500/k762831635_1.jpg,9791130697499,['자기계발']
2023 에듀윌 스포츠지도사 필기 한권끝장,"정수봉, 이준영, 원효리, 이성열, 임다연, 이재우",에듀윌,https://image.aladin.co.kr/product/30115/97/cover500/k802839987_1.jpg,9791136019516,['수험서/자격증']
저는 많이 보고 있어요,안미옥,문학동네,https://image.aladin.co.kr/product/31088/28/cover500/8954690815_1.jpg,9788954690812,['소설/시/희곡']
2023 마무리 특강 조태정 영어 클라이맥스(CLIMAX),조태정,사피엔스넷,https://image.aladin.co.kr/product/31239/25/cover500/k342832967_1.jpg,9791167930774,['수험서/자격증']
고양이는 다 알아?,브렌던 웬젤,올리,https://image.aladin.co.kr/product/31152/38/cover500/k182831148_2.jpg,9791165346409,['유아']
공정하다는 착각,마이클 샌델,와이즈베리,https://image.aladin.co.kr/product/25470/6/cover500/k092633826_3.jpg,9791164136452,"['사회과학', '인문학', '추천도서']"
너의 이름은.,신카이 마코토,대원씨아이(단행본),https://image.aladin.co.kr/product/9894/83/cover500/k862535655_2.jpg,9791133440054,['소설/시/희곡']
2023 심우철 실전 동형 모의고사 Season 1,심우철,심슨북스,https://image.aladin.co.kr/product/30828/37/cover500/k142831175_1.jpg,9791162051474,['수험서/자격증']
마법사의 신부 18,야마자키 코레,학산문화사(만화),https://image.aladin.co.kr/product/31190/21/cover500/k722831857_1.jpg,9791169478458,['만화']
세상에서 가장 쉬운 본질육아 (러브드 에디션),지나영,21세기북스,https://image.aladin.co.kr/product/30566/12/cover500/8950941813_3.jpg,9788950941819,['좋은부모']
정의란 무엇인가,마이클 샌델,와이즈베리,https://image.aladin.co.kr/product/4898/84/cover500/8937834790_3.jpg,9788937834790,"['사회과학', '인문학']"
총 균 쇠 (양장),재레드 다이아몬드,문학사상,https://image.aladin.co.kr/product/2404/81/cover500/8970128859_2.jpg,9788970128856,"['인문학', '추천도서']"
해커스 토익 스타트 리스닝 LC,David Cho,해커스어학연구소(Hackers),https://image.aladin.co.kr/product/22237/19/cover500/8965423384_2.jpg,9788965423386,['외국어']
초판본 어린 왕자 (반양장),앙투안 드 생텍쥐페리,더스토리,https://image.aladin.co.kr/product/28050/46/cover500/k102734432_1.jpg,9791164455300,"['고전', '소설/시/희곡']"
슬램덩크 완전판 프리미엄 박스판 16~20권 세트 - 전5권,이노우에 타케히코,대원씨아이(만화),https://image.aladin.co.kr/product/30790/13/cover500/k312831469_1.jpg,9791169448116,['만화']
모 이야기,최연주,엣눈북스(atnoonbooks),https://image.aladin.co.kr/product/30986/29/cover500/k132831306_1.jpg,9791188594245,"['만화', '소설/시/희곡']"
경제기사 궁금증 300문 300답,곽해선,혜다,https://image.aladin.co.kr/product/30966/52/cover500/k192831203_1.jpg,9791191183214,['경제경영']
특수아동교육,"이소현, 박은혜",학지사,https://image.aladin.co.kr/product/1100/66/cover500/8963306097_1.jpg,9788963306094,['대학교재/전문서적']
2023 경찰채용 시험대비 갓대환 합격이 개쉬운 봉투모의고사,김대환,멘토링,https://image.aladin.co.kr/product/31196/80/cover500/k852831051_1.jpg,9791160492576,['수험서/자격증']
죽음이란 무엇인가,셸리 케이건,웅진지식하우스,https://image.aladin.co.kr/product/31150/39/cover500/8901269090_1.jpg,9788901269092,['인문학']
2023 전한길 한국사 실전형 봉투 모의고사,전한길,전한길한국사,https://image.aladin.co.kr/product/31199/76/cover500/k352831057_1.jpg,9791191454246,['수험서/자격증']
싯다르타,헤르만 헤세,민음사,https://image.aladin.co.kr/product/32/95/cover500/8937460580_3.jpg,9788937460586,"['고전', '소설/시/희곡', '추천도서']"
슬램덩크 완전판 프리미엄 박스판 1~5권 세트 - 전5권,이노우에 타케히코,대원씨아이(만화),https://image.aladin.co.kr/product/30790/3/cover500/k272831469_1.jpg,9791169447928,['만화']
명품 JAVA Programming,"황기태, 김효수",생능,https://image.aladin.co.kr/product/14830/18/cover500/897050947x_1.jpg,9788970509471,['컴퓨터/모바일']
짝 없는 여자와 도시,비비언 고닉,글항아리,https://image.aladin.co.kr/product/31016/62/cover500/k892831410_1.jpg,9791169090735,['에세이']
미국식 영작문 수업 : 어휘,최정숙,동양북스(동양문고),https://image.aladin.co.kr/product/31088/96/cover500/k502831832_1.jpg,9791157688487,['외국어']
사람을 얻는 지혜 (국내 최초 스페인어 완역본),발타자르 그라시안,현대지성,https://image.aladin.co.kr/product/30375/93/cover500/k742839951_1.jpg,9791139708967,"['에세이', '인문학', '자기계발']"
2주 만에 끝내는 해커스 오픽 OPIc Advanced 공략,해커스 오픽연구소,(주)해커스,https://image.aladin.co.kr/product/8683/76/cover500/k542535185_3.jpg,9791158551957,['외국어']
고양이 해결사 깜냥 2,홍민정,창비,https://image.aladin.co.kr/product/24790/61/cover500/8936447866_1.jpg,9788936447861,['어린이']
Stick 스틱! (15주년 기념판),"칩 히스, 댄 히스",웅진지식하우스,https://image.aladin.co.kr/product/30313/61/cover500/8901266091_2.jpg,9788901266091,['경제경영']
망그러진 만화 벚꽃 에디션 & 벚꽃 향수 박스 한정판,유랑,좋은생각,https://image.aladin.co.kr/product/31266/23/cover500/k392832367_2.jpg,9791187033837,"['만화', '에세이']"
너와 나 18 : 컴플리트 일러스트집,홋타 키이치,학산문화사(만화),https://image.aladin.co.kr/product/31311/37/cover500/k002832786_1.jpg,9791169478373,['만화']
언제 행복할 예정인가요?,자목,모과나무,https://image.aladin.co.kr/product/28976/32/cover500/k642836921_1.jpg,9791187280347,"['대학교재/전문서적', '종교/역학']"
슬램덩크 완전판 프리미엄 박스판 11~15권 세트 - 전5권,이노우에 타케히코,대원씨아이(만화),https://image.aladin.co.kr/product/30790/11/cover500/k392831469_1.jpg,9791169448055,['만화']
부동산 변곡점이 왔다,삼토시(강승우),위즈덤하우스,https://image.aladin.co.kr/product/30638/81/cover500/k462830023_1.jpg,9791168125452,['경제경영']
명품 HTML5+CSS3+Javascript 웹 프로그래밍,황기태,생능,https://image.aladin.co.kr/product/28835/88/cover500/8970505458_1.jpg,9788970505459,['컴퓨터/모바일']
보카바이블 (VOCA Bible) 4.0 (A권 + B권),허민,스텝업,https://image.aladin.co.kr/product/14902/59/cover500/8994553096_1.jpg,9788994553092,"['수험서/자격증', '외국어']"
상담심리학의 이론과 실제 (천성문 외),"천성문, 이영순, 박명숙, 이동훈, 함경애",학지사,https://image.aladin.co.kr/product/26666/3/cover500/8999723712_1.jpg,9788999723711,"['대학교재/전문서적', '인문학']"
기분이 태도가 되지 말자,김수현,하이스트,https://image.aladin.co.kr/product/30571/67/cover500/k892830719_2.jpg,9791197647666,['에세이']
젊은 남자,아니 에르노,레모,https://image.aladin.co.kr/product/31132/18/cover500/k882831940_1.jpg,9791191861198,"['소설/시/희곡', '추천도서']"
챗GPT와 글쓰기,김철수,위키북스,https://image.aladin.co.kr/product/31148/51/cover500/k362831044_1.jpg,9791158394233,"['경제경영', '컴퓨터/모바일']"
이제 시작이야! 컴퓨팅 사고력으로 인공지능까지 : 스크래치,"전수진, 박주연, 김수환",연두에디션,https://image.aladin.co.kr/product/31190/71/cover500/k132831950_1.jpg,9791192187082,['컴퓨터/모바일']
지구 끝의 온실,김초엽,자이언트북스,https://image.aladin.co.kr/product/27692/63/cover500/s772839857_2.jpg,9791191824001,"['소설/시/희곡', '추천도서']"
10배의 법칙,그랜트 카돈,부키,https://image.aladin.co.kr/product/29168/76/cover500/8960519146_1.jpg,9788960519145,['자기계발']
"2023 큰별쌤 최태성의 별★별한국사 시대별 기출문제집 한국사능력검정시험 심화(1,2,3급)",최태성,이투스북,https://image.aladin.co.kr/product/30708/26/cover500/k162830147_1.jpg,9791138911757,['수험서/자격증']
순간을 믿어요,이석원,을유문화사,https://image.aladin.co.kr/product/31062/77/cover500/8932474842_1.jpg,9788932474847,['에세이']
혼자 공부하는 파이썬,윤인성,한빛미디어,https://image.aladin.co.kr/product/29499/67/cover500/k412837047_1.jpg,9791162245651,['컴퓨터/모바일']
리보와 앤,어윤정,문학동네,https://image.aladin.co.kr/product/30986/85/cover500/8954690696_1.jpg,9788954690690,"['어린이', '추천도서']"
2023 수제비 정보처리기사 실기 FINAL 실전 모의고사,NCS 정보처리기술사 연구회,건기원,https://image.aladin.co.kr/product/30742/24/cover500/k252830253_1.jpg,9791157677115,"['수험서/자격증', '컴퓨터/모바일']"
가끔씩 툭하고 러시아어로 부끄러워하는 옆자리의 아랴 양 4,SUN SUN SUN,디앤씨미디어(주)(D&C미디어),https://image.aladin.co.kr/product/31294/19/cover500/k732832673_1.jpg,9791127867676,['소설/시/희곡']
두근두근 파이썬,천인국,생능,https://image.aladin.co.kr/product/30773/95/cover500/897050656x_1.jpg,9788970506562,['컴퓨터/모바일']
지위 게임,윌 스토,흐름출판,https://image.aladin.co.kr/product/31134/83/cover500/8965965594_1.jpg,9788965965596,['인문학']
오십에 읽는 순자,최종엽,유노북스,https://image.aladin.co.kr/product/31179/9/cover500/k772831754_1.jpg,9791192300528,['인문학']
사카모토 데이즈 9,스즈키 유우토,대원씨아이(만화),https://image.aladin.co.kr/product/31215/55/cover500/k112831159_1.jpg,9791169793131,['만화']
심리학이 제갈량에게 말하다 2,천위안,리드리드출판(한국능률협회),https://image.aladin.co.kr/product/31239/23/cover500/8972773735_1.jpg,9788972773733,['자기계발']
2023 조태정 영어 백신 모의고사 (추론 출제 경향) Season 1,조태정,메가스터디교육(공무원),https://image.aladin.co.kr/product/31269/94/cover500/k802832569_1.jpg,9791167224170,['수험서/자격증']
다정한 것이 살아남는다,"브라이언 헤어, 버네사 우즈",디플롯,https://image.aladin.co.kr/product/27608/83/cover500/k722733028_2.jpg,9791197413025,"['과학', '인문학']"
침묵의 봄,레이첼 카슨,에코리브르,https://image.aladin.co.kr/product/1446/13/cover500/k192531425_2.jpg,9788962630619,"['고전', '과학', '사회과학', '추천도서']"
우리는 모두 죽는다는 것을 기억하라,웨인 다이어,토네이도,https://image.aladin.co.kr/product/21533/40/cover500/k132636393_3.jpg,9791158511586,"['에세이', '자기계발']"
월급쟁이 부자로 은퇴하라 (10만 부 돌파 기념 증보판),너나위,알에이치코리아(RHK),https://image.aladin.co.kr/product/29637/94/cover500/8925578158_1.jpg,9788925578156,['경제경영']
부자의 자세,제이원,좋은연필,https://image.aladin.co.kr/product/30296/33/cover500/k132839920_1.jpg,9791195763665,['경제경영']
시장의 마법사들,잭 슈웨거,이레미디어,https://image.aladin.co.kr/product/228/30/cover500/8991998186_1.jpg,9788991998186,['경제경영']
나츠메 우인장 28,미도리카와 유키,학산문화사(만화),https://image.aladin.co.kr/product/30619/92/cover500/k082830829_1.jpg,9791169277006,['만화']
당신께,오지은,김영사,https://image.aladin.co.kr/product/31196/68/cover500/8934966017_1.jpg,9788934966012,['에세이']
친애하는 숙녀 신사 여러분,유즈키 아사코,리드비,https://image.aladin.co.kr/product/31196/25/cover500/k302831059_1.jpg,9791192738055,['소설/시/희곡']
영원 금지 소년 금지 천사 금지,육호수,문학동네,https://image.aladin.co.kr/product/31273/67/cover500/8954698654_1.jpg,9788954698658,['소설/시/희곡']
계속 가보겠습니다,임은정,메디치미디어,https://image.aladin.co.kr/product/29792/65/cover500/k282838912_1.jpg,9791157062645,['사회과학']
28시간에 끝내는 토익스피킹 스타트,"황인기, 시원스쿨 어학연구소",시원스쿨LAB,https://image.aladin.co.kr/product/29530/42/cover500/k372837540_2.jpg,9791186858387,['외국어']
감람 일러스트집 ROMANCE,감람,테라코타,https://image.aladin.co.kr/product/31239/21/cover500/k092832967_1.jpg,9791198180315,"['만화', '예술/대중문화']"
주식투자 최적의 타이밍을 잡는 법,스탠 와인스타인,플로우,https://image.aladin.co.kr/product/25734/52/cover500/k582736979_1.jpg,9791191228366,['경제경영']
슬램덩크 완전판 프리미엄 박스판 6~10권 세트 - 전5권,이노우에 타케히코,대원씨아이(만화),https://image.aladin.co.kr/product/30790/8/cover500/k362831469_1.jpg,9791169447997,['만화']
열 번 잘해도 한 번 실수로 무너지는 게 관계다,김다슬,클라우디아,https://image.aladin.co.kr/product/30884/66/cover500/k442831381_1.jpg,9791196617141,['에세이']
빛과 영원의 시계방,김희선,허블,https://image.aladin.co.kr/product/31088/59/cover500/k732831830_1.jpg,9791190090896,['소설/시/희곡']
데이터베이스 개론,김연희,한빛아카데미(교재),https://image.aladin.co.kr/product/28756/22/cover500/k952836881_1.jpg,9791156645771,"['대학교재/전문서적', '수험서/자격증', '컴퓨터/모바일']"
"세상에 대하여 우리가 더 잘 알아야 할 교양 : 사형제도, 과연 필요한가?",케이 스티어만,내인생의책,https://image.aladin.co.kr/product/1818/62/cover500/8996886947_1.jpg,9788996886945,"['어린이', '청소년']"
우리가 운명이라고 불렀던 것들,슈테판 클라인,포레스트북스,https://image.aladin.co.kr/product/31132/42/cover500/k162831942_1.jpg,9791192625270,['과학']
죽음의 수용소에서,빅터 프랭클,청아출판사,https://image.aladin.co.kr/product/24212/1/cover500/8936811541_2.jpg,9788936811549,['인문학']
심판,베르나르 베르베르,열린책들,https://image.aladin.co.kr/product/24919/70/cover500/8932920400_3.jpg,9788932920405,"['소설/시/희곡', '예술/대중문화']"
ETS 토익 정기시험 기출입문서 LC 리스닝,ETS,와이비엠,https://image.aladin.co.kr/product/28415/24/cover500/8917238580_1.jpg,9788917238587,['외국어']
가짜 모범생,손현주,특별한서재,https://image.aladin.co.kr/product/28089/59/cover500/k322734845_1.jpg,9791167030313,"['소설/시/희곡', '청소년', '추천도서']"
아이에게 주는 감정 유산,이남옥(레지나),라이프앤페이지,https://image.aladin.co.kr/product/30933/81/cover500/k402831498_2.jpg,9791191462173,['좋은부모']
Kreyszig 공업수학 (상),Erwin Kreyszig,텍스트북스(TextBook),https://image.aladin.co.kr/product/28955/80/cover500/k392836417_1.jpg,9791191679045,['대학교재/전문서적']
대학생을 위한 성장과 소통의 글쓰기,"송재일, 송홍규, 정형근, 가은아, 권대광, 유리",박이정,https://image.aladin.co.kr/product/26788/3/cover500/k612730582_1.jpg,9791158486174,"['대학교재/전문서적', '인문학']"
HTML5 웹 프로그래밍 입문,윤인성,한빛아카데미(교재),https://image.aladin.co.kr/product/19965/94/cover500/k642635843_1.jpg,9791156644552,"['대학교재/전문서적', '컴퓨터/모바일']"
호랑이는 용을 아직 먹지 않는다 1,이나바 하치,㈜소미미디어,https://image.aladin.co.kr/product/31184/76/cover500/k522831851_1.jpg,9791138436014,['만화']
2023 수제비 빅데이터분석기사 필기 1권+2권 세트 - 전2권,"윤영빈, 조수연, 이호형, 박인상, 김학배",건기원,https://image.aladin.co.kr/product/31191/96/cover500/k532831952_1.jpg,9791157677320,['수험서/자격증']
스파이 교실 7,타케마치,디앤씨미디어(주)(D&C미디어),https://image.aladin.co.kr/product/31294/20/cover500/k982832674_1.jpg,9791127867836,['소설/시/희곡']
초등 과학 진짜 문해력 5-1,아꿈선 교수학습자료개발연구소,창비교육,https://image.aladin.co.kr/product/31091/53/cover500/k622831837_1.jpg,9791165701963,['어린이']
Go Go 카카오프렌즈 27 : 스위스,김미영,아울북,https://image.aladin.co.kr/product/31080/70/cover500/8950934558_1.jpg,9788950934552,['어린이']
C로 배우는 쉬운 자료구조,이지영,한빛아카데미(교재),https://image.aladin.co.kr/product/27464/69/cover500/k352733287_1.jpg,9791156645412,"['대학교재/전문서적', '컴퓨터/모바일']"
그리스 로마 신화 32 : 운명을 바꾼 야누스의 문,박시연,아울북,https://image.aladin.co.kr/product/31088/91/cover500/8950941570_1.jpg,9788950941574,['어린이']
2023 단기 합격 해커스공기업 NCS 통합 기본서 직업기초능력평가 + 직무수행능력평가,"윤종혁, 김소원, 김태형, 복지훈, 최수지, 김동민, 해커스 취업교육연구소",해커스공기업,https://image.aladin.co.kr/product/30666/58/cover500/8969653325_1.jpg,9788969653321,['수험서/자격증']
내게 남은 사랑을 드릴게요,"이유리, 김서해, 김초엽, 설재인, 천선란",자이언트북스,https://image.aladin.co.kr/product/30935/85/cover500/k102831491_1.jpg,9791191824193,['소설/시/희곡']
미움받을 용기 (200만 부 기념 스페셜 에디션),"기시미 이치로, 고가 후미타케",인플루엔셜(주),https://image.aladin.co.kr/product/30782/55/cover500/k442831368_1.jpg,9791168340770,['인문학']
디테일의 발견,생각노트,위즈덤하우스,https://image.aladin.co.kr/product/31088/38/cover500/k742831839_1.jpg,9791168125841,"['경제경영', '자기계발']"
타키 포오의 이세계 여행사 1,스튜디오 왓츠비,대원키즈,https://image.aladin.co.kr/product/31107/69/cover500/k512831744_1.jpg,9791169794183,['어린이']
혼공쌤의 초등만화영문법 : 상,허준석,길벗스쿨,https://image.aladin.co.kr/product/31080/82/cover500/k752831629_2.jpg,9791164065042,['어린이']
2023 이기적 컴퓨터활용능력 2급 필기 + 실기 상시 시험 공략집,"홍태성, 박윤정",영진.com(영진닷컴),https://image.aladin.co.kr/product/30659/15/cover500/8931466420_1.jpg,9788931466423,"['수험서/자격증', '컴퓨터/모바일']"
이세계 삼촌 8,호톤도신데이루,영상출판미디어(주),https://image.aladin.co.kr/product/31163/99/cover500/k792831442_1.jpg,9791138024266,['만화']
2023 해커스공무원 실전동형모의고사 국어 1 12회 (9급공무원 / 7급 지방직),해커스 공무원시험연구소,해커스공무원,https://image.aladin.co.kr/product/30936/98/cover500/k512831493_1.jpg,9791168809109,['수험서/자격증']
우리가 빛의 속도로 갈 수 없다면,김초엽,허블,https://image.aladin.co.kr/product/19359/16/cover500/s152835852_1.jpg,9791190090018,"['소설/시/희곡', '추천도서']"
5번 레인,은소홀,문학동네,https://image.aladin.co.kr/product/25151/14/cover500/8954674631_2.jpg,9788954674638,"['어린이', '추천도서']"
한 권으로 끝내는 해커스 토익 700+ (LC+RC+VOCA),해커스어학연구소,해커스어학연구소(Hackers),https://image.aladin.co.kr/product/28571/61/cover500/8965424623_1.jpg,9788965424628,['외국어']
삐뽀삐뽀 119 이유식,하정훈,유니책방,https://image.aladin.co.kr/product/12485/33/cover500/k362532163_2.jpg,9791195795529,['좋은부모']
"다정한 말, 단단한 말",고정욱,우리학교,https://image.aladin.co.kr/product/30335/30/cover500/k812839334_1.jpg,9791167550743,['어린이']
곰브리치 세계사 (예일대 특별판),에른스트 H. 곰브리치,비룡소,https://image.aladin.co.kr/product/19442/18/cover500/8949189534_1.jpg,9788949189536,"['역사', '청소년']"
한눈에 펼쳐보는 24절기 그림책,지호진,진선아이,https://image.aladin.co.kr/product/30912/97/cover500/k252831584_1.jpg,9791190779999,['어린이']
한국인의 법과 생활,법무부,법무부,https://image.aladin.co.kr/product/27839/6/cover500/8996100757_1.jpg,9788996100751,"['대학교재/전문서적', '사회과학']"
교육심리학 (신명희 외),신명희,학지사,https://image.aladin.co.kr/product/16730/51/cover500/8999716368_1.jpg,9788999716362,['대학교재/전문서적']
5초 영어어법,박정규,라즈베리,https://image.aladin.co.kr/product/30956/4/cover500/k392831005_1.jpg,9791187152354,['외국어']
실버 트리 1~5 세트 - 전5권,윤소리,로크미디어,https://image.aladin.co.kr/product/31297/58/cover500/k452832781_1.jpg,9791140808014,['소설/시/희곡']
아홉 살 마음 사전,박성우,창비,https://image.aladin.co.kr/product/10537/49/cover500/8936447017_1.jpg,9788936447014,['어린이']
"칵테일, 러브, 좀비 (리커버)",조예은,안전가옥,https://image.aladin.co.kr/product/29543/72/cover500/k502837053_1.jpg,9791190174756,['소설/시/희곡']
흔한남매의 흔한 호기심 8,안치현,미래엔아이세움,https://image.aladin.co.kr/product/30881/96/cover500/k672831283_1.jpg,9791168414822,['어린이']
JLPT 일본어능력시험 한권으로 끝내기 N3,"이치우, 기타지마 치즈코",다락원,https://image.aladin.co.kr/product/28087/6/cover500/8927712439_1.jpg,9788927712435,['외국어']
2023 이기적 빅데이터분석기사 필기 기본서,"나홍석, 배원성, 이건길, 이혜영, 고려사이버대학교 AI.빅데이터 연구소",영진.com(영진닷컴),https://image.aladin.co.kr/product/30021/49/cover500/8931466870_1.jpg,9788931466874,"['수험서/자격증', '컴퓨터/모바일']"
2023 실전과 가장 유사한 국가직 9급 모의고사,"신용한, SK100수험연구소",메가스터디교육(공무원),https://image.aladin.co.kr/product/30990/2/cover500/k422831404_1.jpg,9791167223692,['수험서/자격증']
달러구트 꿈 백화점 1 (레인보우 에디션),이미예,팩토리나인,https://image.aladin.co.kr/product/29895/53/cover500/k472838938_1.jpg,9791165341909,['소설/시/희곡']
비상식적 성공 법칙,간다 마사노리,생각지도,https://image.aladin.co.kr/product/29643/15/cover500/k222838573_1.jpg,9791187875239,['자기계발']
고양이 해결사 깜냥 3,홍민정,창비,https://image.aladin.co.kr/product/25967/84/cover500/8936448013_2.jpg,9788936448011,['어린이']
2023 형법요론,신호진,문형사,https://image.aladin.co.kr/product/30837/67/cover500/k742831370_1.jpg,9791166871047,['수험서/자격증']
대학물리학,"Raymond A. Serway, John W. Jewett",북스힐,https://image.aladin.co.kr/product/31059/82/cover500/k412831427_1.jpg,9791159714665,"['과학', '대학교재/전문서적']"
멈출 수 없는 우리 1,유발 하라리,주니어김영사,https://image.aladin.co.kr/product/31200/81/cover500/8934958987_2.jpg,9788934958987,['어린이']
자살,에두아르 르베,워크룸프레스(Workroom),https://image.aladin.co.kr/product/31289/34/cover500/k042832679_1.jpg,9791189356934,['소설/시/희곡']
고양이 해결사 깜냥 4,홍민정,창비,https://image.aladin.co.kr/product/28612/9/cover500/8936448137_1.jpg,9788936448134,['어린이']
페인트 (반양장),이희영,창비,https://image.aladin.co.kr/product/18958/95/cover500/893645689x_1.jpg,9788936456894,"['청소년', '추천도서']"
파과,구병모,위즈덤하우스,https://image.aladin.co.kr/product/14224/40/cover500/k872532537_1.jpg,9791162203620,['소설/시/희곡']
오백 년째 열다섯,김혜정,위즈덤하우스,https://image.aladin.co.kr/product/28708/93/cover500/k162836467_1.jpg,9791168121065,"['청소년', '추천도서']"
현대 이상심리학,권석만,학지사,https://image.aladin.co.kr/product/3026/12/cover500/8999701735_1.jpg,9788999701733,"['대학교재/전문서적', '인문학']"
일본어 문법 무작정 따라하기,후지이 아사리,길벗이지톡,https://image.aladin.co.kr/product/30963/87/cover500/k212831201_1.jpg,9791140702978,['외국어']
열방약국 유방암 상담소,김훈하,리더북스,https://image.aladin.co.kr/product/28312/52/cover500/k482835707_1.jpg,9791190616485,['건강/취미']
데이트 어 라이브 앙코르 11,타치바나 코우시,디앤씨미디어(주)(D&C미디어),https://image.aladin.co.kr/product/31222/74/cover500/k342831253_1.jpg,9791127867706,['소설/시/희곡']
털실타래 Vol.3 (2023년 봄호),일본보그사,한즈미디어(한스미디어),https://image.aladin.co.kr/product/31224/47/cover500/k212831257_1.jpg,9791160078985,"['건강/취미', '요리/살림', '잡지']"
2023 산업안전산업기사 실기[필답형+작업형] + 무료동영상 + 스마트북,최윤정,구민사,https://image.aladin.co.kr/product/31089/0/cover500/k642831832_1.jpg,9791168751965,['수험서/자격증']
부동산 경매 단기투자의 기적,엠제이(장재호),길벗,https://image.aladin.co.kr/product/31132/25/cover500/k232831941_1.jpg,9791140703388,['경제경영']
쉽게 배우는 소프트웨어 공학,김치수,한빛아카데미(교재),https://image.aladin.co.kr/product/27465/55/cover500/k622733585_1.jpg,9791156645429,"['대학교재/전문서적', '컴퓨터/모바일']"
배지윤의 아테나 유아교육과정 : 유아교육 각론편 1,배지윤 (엮은이),우리교과서,https://image.aladin.co.kr/product/31294/84/cover500/k572832676_1.jpg,9791187642404,['수험서/자격증']
데일리 필로소피,"라이언 홀리데이, 스티븐 핸슬먼",다산초당(다산북스),https://image.aladin.co.kr/product/28542/18/cover500/k132835236_1.jpg,9791130679365,"['인문학', '자기계발']"
음식 중독,마이클 모스,민음사,https://image.aladin.co.kr/product/30934/14/cover500/893746926x_1.jpg,9788937469268,"['건강/취미', '사회과학']"
문학을 열다 - 전6권,에토프 (그림),스푼북,https://image.aladin.co.kr/product/25226/27/cover500/k932633909_2.jpg,9791165810269,['청소년']
2023 이동기 영어 기적의 특강,이동기,에스티유니타스,https://image.aladin.co.kr/product/30750/3/cover500/k172830459_1.jpg,9791169660051,['수험서/자격증']
2023 선재국어 나침판 기출 변형 모의고사,이선재,에스티유니타스,https://image.aladin.co.kr/product/30828/17/cover500/k412831173_1.jpg,9791165769789,['수험서/자격증']
"사람, 삶을 안다는 것",박명우,이엘북스,https://image.aladin.co.kr/product/10329/38/cover500/k142536481_1.jpg,9791195007899,['인문학']
위대한 경제학 고전 30권을 1권으로 읽는 책,홍기훈,빅피시,https://image.aladin.co.kr/product/31098/38/cover500/k652831534_1.jpg,9791191825763,"['경제경영', '청소년']"
기억 전달자,로이스 로리,비룡소,https://image.aladin.co.kr/product/92/64/cover500/8949120747_2.jpg,9788949120744,"['청소년', '추천도서']"
우리는 각자의 세계가 된다,데이비드 이글먼,알에이치코리아(RHK),https://image.aladin.co.kr/product/30720/58/cover500/8925577224_1.jpg,9788925577227,['과학']
나 혼자만 레벨업 7,장성락(REDICE STUDIO),디앤씨웹툰비즈,https://image.aladin.co.kr/product/31015/29/cover500/k752831316_1.jpg,9791167770707,['만화']
미국인 사용빈도 다반사 영어회화 구동사,"김아영, Jennifer Grill",사람in,https://image.aladin.co.kr/product/30987/2/cover500/8960499951_1.jpg,9788960499959,['외국어']
세계 미스터리 걸작선 01 : 살인자 외,"대실 해밋, 어니스트 헤밍웨이, G. K. 체스터턴, 안나 카타린 그린, L. T. 미드, 로버트 유스터스, R. A. 프리먼, 클리퍼드 핼리팩스",코너스톤,https://image.aladin.co.kr/product/11191/65/cover500/k462531283_1.jpg,9791187011750,['소설/시/희곡']
날씨의 아이 (일러스트 에디션),신카이 마코토,대원씨아이(단행본),https://image.aladin.co.kr/product/25447/75/cover500/k152633512_1.jpg,9791136253453,['소설/시/희곡']
워런 버핏 익스프레스,이건규,에프엔미디어,https://image.aladin.co.kr/product/31248/20/cover500/k442832264_1.jpg,9791188754809,['경제경영']
헌법학원론 (정연주),정연주,법영사,https://image.aladin.co.kr/product/31270/38/cover500/8970323333_1.jpg,9788970323336,"['대학교재/전문서적', '사회과학']"
호밀밭의 파수꾼,제롬 데이비드 샐린저,민음사,https://image.aladin.co.kr/product/30882/22/cover500/k092831285_1.jpg,9788937460470,"['고전', '소설/시/희곡']"
백년 허리 1 : 진단편,정선근,언탱글링,https://image.aladin.co.kr/product/26952/44/cover500/k872730815_2.jpg,9791197437304,['건강/취미']
광장 / 구운몽,최인훈,문학과지성사,https://image.aladin.co.kr/product/5201/7/cover500/8932027099_2.jpg,9788932027098,['소설/시/희곡']
2023 해커스 전산회계 1급 이론 + 실무 + 최신기출문제 12회분,이남호,해커스금융,https://image.aladin.co.kr/product/30621/63/cover500/k742830822_1.jpg,9791168807488,['수험서/자격증']
2023 유튜버 헝그리 스포츠 7일 완성 생활 스포츠지도사 2급 필기,한현근,직업상점,https://image.aladin.co.kr/product/30721/20/cover500/k972830247_1.jpg,9791198122209,['수험서/자격증']
맛있는 디자인 포토샵 & 일러스트레이터 CC 2023,"빨간고래(박정아), 윤이사라(포완카)",한빛미디어,https://image.aladin.co.kr/product/30935/11/cover500/k292831490_1.jpg,9791169210744,['컴퓨터/모바일']
2023 세법개론 - 전2권,"임상엽, 정정운",상경사,https://image.aladin.co.kr/product/31215/59/cover500/k582831159_1.jpg,9791161372860,"['대학교재/전문서적', '수험서/자격증']"
한국형 탑다운 투자 전략,"윤지호, 신중호, 최광혁, 정다운, 최진영",에프엔미디어,https://image.aladin.co.kr/product/31217/47/cover500/k012831155_1.jpg,9791188754779,['경제경영']
봇치·더·록! 3,하마지 아키,대원씨아이(만화),https://image.aladin.co.kr/product/30695/48/cover500/k392830841_1.jpg,9791169447102,['만화']
"어머니, 사교육을 줄이셔야 합니다",정승익,메이트북스,https://image.aladin.co.kr/product/30828/14/cover500/k182831173_1.jpg,9791160023909,['좋은부모']
2023 써니 행정법총론 핵심집약 (기출지문 암기 App 이용쿠폰 제공),박준철,지금(도서출판),https://image.aladin.co.kr/product/30860/88/cover500/k922831570_1.jpg,9791160183498,['수험서/자격증']
화성학,백병동,수문당,https://image.aladin.co.kr/product/17/31/cover500/898895100x_2.jpg,9788988951002,['대학교재/전문서적']
새 들으며 배우는 서양음악사 본문 1,허영한,심설당,https://image.aladin.co.kr/product/329/10/cover500/8989544378_1.jpg,9788989544371,"['대학교재/전문서적', '예술/대중문화']"
2023 해커스공무원 실전동형모의고사 영어 1 12회 (9급공무원),해커스 공무원시험연구소,해커스공무원,https://image.aladin.co.kr/product/30936/97/cover500/k552831493_1.jpg,9791168808690,['수험서/자격증']
저희는 이 행성을 떠납니다,최정원,비룡소,https://image.aladin.co.kr/product/31083/27/cover500/894913702x_1.jpg,9788949137025,"['청소년', '추천도서']"
미래를 읽다 과학이슈 11 Season 13,"이식, 김은호, 원호섭, 김미래, 한세희, 반기성, 이광식, 박응서, 오혜진, 김청한, 이충환",동아엠앤비,https://image.aladin.co.kr/product/31088/76/cover500/k742831831_1.jpg,9791163631224,"['과학', '청소년']"
밝은 밤,최은영,문학동네,https://image.aladin.co.kr/product/27541/91/cover500/k312835925_1.jpg,9788954681179,"['소설/시/희곡', '추천도서']"
동물농장,조지 오웰,민음사,https://image.aladin.co.kr/product/4/6/cover500/s93746005x_2.jpg,9788937460050,"['고전', '소설/시/희곡', '청소년_추천도서', '추천도서']"
나는 오래된 거리처럼 너를 사랑하고,진은영,문학과지성사,https://image.aladin.co.kr/product/30036/43/cover500/8932040443_1.jpg,9788932040448,"['소설/시/희곡', '추천도서']"
씽킹 101 : 더 나은 삶을 위한 생각하기 연습,안우경,흐름출판,https://image.aladin.co.kr/product/30828/20/cover500/8965965462_1.jpg,9788965965466,['인문학']
돈의 규칙,신민철(처리형),베가북스,https://image.aladin.co.kr/product/31010/99/cover500/k582831313_1.jpg,9791192488257,['경제경영']
해커스 토익 실전 1000제 2 LC Listening (리스닝) 문제집 (2023 최신개정판),해커스어학연구소,해커스어학연구소(Hackers),https://image.aladin.co.kr/product/30708/95/cover500/8965425395_1.jpg,9788965425397,['외국어']
오만과 편견,제인 오스틴,민음사,https://image.aladin.co.kr/product/43/68/cover500/8937460882_3.jpg,9788937460883,"['고전', '소설/시/희곡', '추천도서']"
불량한 자전거 여행,김남중,창비,https://image.aladin.co.kr/product/431/83/cover500/8936442503_3.jpg,9788936442507,"['어린이', '추천도서']"
게으른 완벽주의자를 위한 심리학,헤이든 핀치,시크릿하우스,https://image.aladin.co.kr/product/29941/0/cover500/k022838632_1.jpg,9791192312200,"['인문학', '자기계발']"
슈퍼 히어로의 똥 닦는 법,안영은,책읽는곰,https://image.aladin.co.kr/product/14114/43/cover500/k422532230_1.jpg,9791158360931,['유아']
진짜 수학 공부법,류승재,경향BP,https://image.aladin.co.kr/product/30956/98/cover500/8969525300_1.jpg,9788969525307,['청소년']
2023 유휘운 행정법총론 실전동형 모의고사,유휘운,메가스터디교육(공무원),https://image.aladin.co.kr/product/31088/32/cover500/k422831839_1.jpg,9791167223524,['수험서/자격증']
공학수학 1,"Dennis G. Zill, Warren S. Wright",텍스트북스(TextBook),https://image.aladin.co.kr/product/28973/2/cover500/k362836822_1.jpg,9791191679076,['대학교재/전문서적']
Brown 일반화학 (일반화학교재연구회),Theodore L. Brown,자유아카데미,https://image.aladin.co.kr/product/30814/14/cover500/k862831566_2.jpg,9791158084196,['대학교재/전문서적']
작별인사,김영하,복복서가,https://image.aladin.co.kr/product/29281/68/cover500/k122837904_1.jpg,9791191114225,['소설/시/희곡']
아주 작은 습관의 힘,제임스 클리어,비즈니스북스,https://image.aladin.co.kr/product/18228/51/cover500/s982636214_1.jpg,9791162540640,"['자기계발', '추천도서']"
이방인,알베르 카뮈,민음사,https://image.aladin.co.kr/product/21224/66/cover500/8937443848_1.jpg,9788937443848,"['고전', '소설/시/희곡', '추천도서']"
오늘의 일인분 일식,베터홈 협회,참돌,https://image.aladin.co.kr/product/19515/18/cover500/k782635825_1.jpg,9791188601233,['요리/살림']
내가 죽기로 결심한 것은 3,YUJU,네이버웹툰,https://image.aladin.co.kr/product/31147/98/cover500/k292831043_1.jpg,9791169305037,['만화']
Do it! 점프 투 파이썬,박응용,이지스퍼블리싱,https://image.aladin.co.kr/product/19483/1/cover500/k582635822_1.jpg,9791163030911,"['대학교재/전문서적', '컴퓨터/모바일']"
2023 대한민국 산업지도,이래학,경이로움,https://image.aladin.co.kr/product/30782/24/cover500/k532831266_1.jpg,9791192445199,['경제경영']
오버로드 16,마루야마 쿠가네,영상출판미디어(주),https://image.aladin.co.kr/product/31161/41/cover500/k802831142_1.jpg,9791138024358,['소설/시/희곡']
2023 해커스공무원 실전동형모의고사 한국사 1 (9급 공무원),해커스 공무원시험연구소,해커스공무원,https://image.aladin.co.kr/product/30936/97/cover500/k432831493_1.jpg,9791168809123,['수험서/자격증']
이야기를 횡단하는 호모 픽투스의 모험,조너선 갓셜,위즈덤하우스,https://image.aladin.co.kr/product/31148/89/cover500/k652831044_1.jpg,9791168125735,['인문학']
뉴! 버전업 중국어뱅크 사진으로 보고 배우는 중국문화,"김상균, 신동윤",동양북스(동양문고),https://image.aladin.co.kr/product/18788/86/cover500/k642635475_1.jpg,9791157684694,['인문학']
신카이 마코토 세트 - 전8권,"오오바 와쿠, 가노 아라타, 아키사카 아사히",대원씨아이(단행본),https://image.aladin.co.kr/product/30876/43/cover500/k832831289_1.jpg,9791169792004,['소설/시/희곡']
들숨에 긍정 날숨에 용기,지나영,자음과모음,https://image.aladin.co.kr/product/31294/18/cover500/8954448720_1.jpg,9788954448727,['청소년']
부는 어디서 오는가,월리스 D. 와틀스,포레스트북스,https://image.aladin.co.kr/product/30681/2/cover500/k212830133_1.jpg,9791192625775,['자기계발']
내가 죽기로 결심한 것은 4,YUJU,네이버웹툰,https://image.aladin.co.kr/product/31147/98/cover500/k322831043_1.jpg,9791169305044,['만화']
1페이지 마케팅 플랜,앨런 딥,알파미디어,https://image.aladin.co.kr/product/30720/71/cover500/k922830244_1.jpg,9791191122398,['경제경영']
명품 C++ Programming,황기태,생능,https://image.aladin.co.kr/product/13828/15/cover500/8970509437_1.jpg,9788970509433,"['대학교재/전문서적', '컴퓨터/모바일']"
심야식당 26,아베 야로,미우(대원씨아이),https://image.aladin.co.kr/product/31190/14/cover500/k462831857_1.jpg,9791169796682,['만화']
일본어 상용한자 무작정 따라하기 1,권경배,길벗이지톡,https://image.aladin.co.kr/product/30963/79/cover500/k172831201_1.jpg,9791140703050,['외국어']
스탠퍼드식 리더십 수업,스티븐 머피 시게마쓰,로크미디어,https://image.aladin.co.kr/product/31248/14/cover500/k212832264_2.jpg,9791140807727,['자기계발']
돈은 좋지만 재테크는 겁나는 너에게,뿅글이,황금부엉이,https://image.aladin.co.kr/product/30921/24/cover500/8960306134_3.jpg,9788960306134,"['경제경영', '에세이']"
훌훌,문경민,문학동네,https://image.aladin.co.kr/product/28852/12/cover500/895468503x_1.jpg,9788954685030,"['청소년', '추천도서']"
베싸육아,박정은,래디시,https://image.aladin.co.kr/product/30830/53/cover500/k482831279_1.jpg,9791198129109,['좋은부모']
미시경제학,이준구,문우사(도서출판),https://image.aladin.co.kr/product/17761/15/cover500/k682534224_1.jpg,9791185994598,"['경제경영', '대학교재/전문서적']"
심리학의 이해 (윤가현 외),윤가현,학지사,https://image.aladin.co.kr/product/19929/66/cover500/8999717607_1.jpg,9788999717604,"['대학교재/전문서적', '인문학']"
맛있는 일본어 Level 1,문선희,맛있는Books(JRC북스),https://image.aladin.co.kr/product/17554/0/cover500/k992534405_2.jpg,9791161480268,['외국어']
2023 K리그 스카우팅리포트,"김성원, 이원만, 김진회, 윤진만, 박찬준, 김가을",브레인스토어,https://image.aladin.co.kr/product/31064/38/cover500/k332831525_2.jpg,9791169780056,['건강/취미']
죽음의 역사,앤드루 도이그,브론스테인,https://image.aladin.co.kr/product/31138/44/cover500/k952831041_1.jpg,9791140806409,"['과학', '역사']"
논리적 사고와 글쓰기 (개정판),가톨릭관동대학교 교재 편찬위원회,경진,https://image.aladin.co.kr/product/23450/40/cover500/8959967297_1.jpg,9788959967292,['대학교재/전문서적']
2024 UNION 변호사시험 민법 선택형 기출문제집 1 : 기출편,MGI 메가고시 연구소,인해,https://image.aladin.co.kr/product/31295/13/cover500/k152832677_1.jpg,9791155778050,['수험서/자격증']
정리하는 뇌,대니얼 J. 레비틴,와이즈베리,https://image.aladin.co.kr/product/6176/20/cover500/893783765x_2.jpg,9788937837654,"['과학', '인문학']"
넛지 : 파이널 에디션,"리처드 H. 탈러, 캐스 R. 선스타인",리더스북,https://image.aladin.co.kr/product/29661/40/cover500/8901260670_3.jpg,9788901260679,['경제경영']
프로젝트 헤일메리,앤디 위어,알에이치코리아(RHK),https://image.aladin.co.kr/product/27045/43/cover500/8925588730_1.jpg,9788925588735,['소설/시/희곡']
해커스 일본어 JLPT N3 (일본어능력시험) 한 권으로 합격,해커스 JLPT 연구소,해커스어학연구소(Hackers),https://image.aladin.co.kr/product/23693/3/cover500/s965423406_2.jpg,9788965423409,['외국어']
다이어트 사이언스 2022,최겸,린체인저스,https://image.aladin.co.kr/product/29252/67/cover500/k812837397_1.jpg,9791197834202,['건강/취미']
2023 문동균 한국사 문단속 적중 최종병기 Final 모의고사,문동균,에스티유니타스,https://image.aladin.co.kr/product/30958/75/cover500/k922831101_1.jpg,9791169660037,['수험서/자격증']
사소한 것들이 신경 쓰입니다,마스다 미리,㈜소미미디어,https://image.aladin.co.kr/product/31060/1/cover500/k852831427_1.jpg,9791138435925,['에세이']
히라노와 카기우라 3,하루소노 쇼,대원씨아이(만화),https://image.aladin.co.kr/product/31246/98/cover500/k032832260_1.jpg,9791169793964,['만화']
거의 모든 행동 표현의 영어,서영조,사람in,https://image.aladin.co.kr/product/29021/3/cover500/8960499374_2.jpg,9788960499379,"['외국어', '추천도서']"
20일 만에 끝내는 해커스 토익 750+ RC (리딩),David Cho,해커스어학연구소(Hackers),https://image.aladin.co.kr/product/27414/48/cover500/8965424224_1.jpg,9788965424222,['외국어']
블라인드 7,"잠뜰TV (원작), 한바리 (글), 루체 (그림)",서울문화사,https://image.aladin.co.kr/product/31216/70/cover500/k832831153_1.jpg,9791169231374,['어린이']
봇치·더·록! 1,하마지 아키,대원씨아이(만화),https://image.aladin.co.kr/product/30217/25/cover500/k232839496_1.jpg,9791169189781,['만화']
무기가 되는 스토리,도널드 밀러,윌북,https://image.aladin.co.kr/product/16901/95/cover500/k022534274_1.jpg,9791155811856,"['경제경영', '자기계발']"
동인녀의 감정,사나다 츠즈루,길찾기,https://image.aladin.co.kr/product/30556/99/cover500/k782830403_1.jpg,9791167691620,['만화']
굿바이 선언,"미즈키 미도리, 아루세치카",디앤씨미디어(주)(D&C미디어),https://image.aladin.co.kr/product/31222/84/cover500/k102831254_1.jpg,9791127867683,['소설/시/희곡']
펠로폰네소스 전쟁사,투퀴디데스,도서출판 숲,https://image.aladin.co.kr/product/1199/79/cover500/899129040x_1.jpg,9788991290402,"['고전', '역사', '추천도서']"
2023 이기적 컴퓨터활용능력 1급 필기 + 실기 상시 시험 공략집,"홍태성, 박윤정",영진.com(영진닷컴),https://image.aladin.co.kr/product/30791/60/cover500/8931466412_1.jpg,9788931466416,"['수험서/자격증', '컴퓨터/모바일']"
별의 시간,클라리시 리스펙토르,을유문화사,https://image.aladin.co.kr/product/31132/30/cover500/8932461368_1.jpg,9788932461366,['소설/시/희곡']
누구나 쉽게 즐기는 C언어 콘서트,천인국,생능,https://image.aladin.co.kr/product/27666/85/cover500/8970504931_1.jpg,9788970504933,['컴퓨터/모바일']
여자를 모욕하는 걸작들,"한승혜, 박정훈, 김용언, 심진경, 이라영, 조이한, 정희진, 장은수",문예출판사,https://image.aladin.co.kr/product/31100/2/cover500/8931023065_1.jpg,9788931023060,"['사회과학', '에세이', '인문학']"
수학 1 : 미분적분학,"민만식, 정문자, 정형철, 황상민, 이성, 김경화",한티미디어,https://image.aladin.co.kr/product/31223/42/cover500/896421451x_1.jpg,9788964214510,['대학교재/전문서적']
하나님의 기쁨을 위하여 살자,유기성,규장(규장문화사),https://image.aladin.co.kr/product/31228/3/cover500/k552832965_1.jpg,9791165044145,['종교/역학']
탑다운 스웨터 & 카디건,슬로우플로우,경향BP,https://image.aladin.co.kr/product/31268/18/cover500/8969525335_1.jpg,9788969525338,"['건강/취미', '요리/살림']"
클루지,게리 마커스,갤리온,https://image.aladin.co.kr/product/285/55/cover500/s132635239_1.jpg,9788901090184,['인문학']
서울 부동산 절대원칙,김학렬(빠숑),길벗,https://image.aladin.co.kr/product/30832/87/cover500/k372831274_1.jpg,9791140702718,['경제경영']
해커스 토익 실전 1000제 2 RC Reading (리딩) 문제집 (2023 최신개정판),해커스어학연구소,해커스어학연구소(Hackers),https://image.aladin.co.kr/product/30708/95/cover500/8965425387_1.jpg,9788965425380,['외국어']
붕괴하는 세계와 인구학,피터 자이한,김앤김북스,https://image.aladin.co.kr/product/30936/92/cover500/8989566886_1.jpg,9788989566885,['사회과학']
2023 전한길 한국사 4.0 실전동형 모의고사,전한길,전한길한국사,https://image.aladin.co.kr/product/30822/53/cover500/k362831876_1.jpg,9791191454222,['수험서/자격증']
파이썬 for Beginner,우재남,한빛아카데미(교재),https://image.aladin.co.kr/product/28515/38/cover500/k112835930_1.jpg,9791156645740,"['대학교재/전문서적', '컴퓨터/모바일']"
2023 에듀윌 산업안전기사 실기 한권끝장 [필답형+작업형],최창률,에듀윌,https://image.aladin.co.kr/product/31010/96/cover500/k552831313_1.jpg,9791136024640,['수험서/자격증']
현자의 제자를 자칭하는 현자 17,류센 히로츠구,㈜소미미디어,https://image.aladin.co.kr/product/31249/9/cover500/k052832267_1.jpg,9791138412704,['소설/시/희곡']
이해하기 쉬운 식생활과 건강,"김선효, 이경애, 이현숙, 김미현, 김지명, 이옥희",파워북,https://image.aladin.co.kr/product/30905/78/cover500/8981605017_1.jpg,9788981605018,['대학교재/전문서적']
나만 없어 토끼!,"토베 피에루 (글), 마리카 마이얄라 (그림), 기영인 (옮긴이)",블루밍제이,https://image.aladin.co.kr/product/31182/95/cover500/k482831859_1.jpg,9791197525353,['유아']
부의 빅 히스토리,"마크 코야마, 재러드 루빈",윌북,https://image.aladin.co.kr/product/31116/55/cover500/k892831847_1.jpg,9791155815854,"['경제경영', '역사']"
달러구트 꿈 백화점 2 (레인보우 에디션),이미예,팩토리나인,https://image.aladin.co.kr/product/29895/54/cover500/k512838938_1.jpg,9791165343729,['소설/시/희곡']
"돈, 뜨겁게 사랑하고 차갑게 다루어라",앙드레 코스톨라니,미래의창,https://image.aladin.co.kr/product/6688/7/cover500/8959893544_3.jpg,9788959893546,['경제경영']
보도 섀퍼의 이기는 습관,보도 섀퍼,토네이도,https://image.aladin.co.kr/product/29037/54/cover500/k402836832_1.jpg,9791158512378,['자기계발']
부의 인문학 (20만부 기념 개정증보판),우석(브라운스톤),오픈마인드,https://image.aladin.co.kr/product/28967/26/cover500/k032836725_1.jpg,9791196851200,['경제경영']
초역 니체의 말,프리드리히 니체,삼호미디어,https://image.aladin.co.kr/product/29982/17/cover500/8978496628_1.jpg,9788978496629,['인문학']
2023 이유진 국어 필사즉생 모의고사 3 : 실전유형,"이유진, 최형우",고시동네,https://image.aladin.co.kr/product/31099/89/cover500/k022831630_1.jpg,9791168181304,['수험서/자격증']
흔한남매 수수께끼 어드벤처 2,"흔한남매 (원작), 노지영 (글), 도니패밀리 (그림), 흔한컴퍼니, 정재형 (감수)",미래엔아이세움,https://image.aladin.co.kr/product/31033/55/cover500/k112831415_1.jpg,9791168414921,['어린이']
